Using pre-set license
Built from '2022.3/staging' branch; Version is '2022.3.46f1 (8e9b8558c41a) revision 9345925'; Using compiler version '192829333'; Build Type 'Release'
OS: 'Windows 11  (10.0.26100) 64bit Core' Language: 'en' Physical Memory: 32475 MB
BatchMode: 1, IsHumanControllingUs: 0, StartBugReporterOnCrash: 0, Is64bit: 1, IsPro: 1

COMMAND LINE ARGUMENTS:
C:\Program Files\Unity\Hub\Editor\2022.3.46f1\Editor\Unity.exe
-adb2
-batchMode
-noUpm
-name
AssetImportWorker3
-projectPath
C:/Users/40sst/Unity Projects/wizard-gta/wizard-gta/wizard-gta
-logFile
Logs/AssetImportWorker3.log
-srvPort
50061
Successfully changed project path to: C:/Users/40sst/Unity Projects/wizard-gta/wizard-gta/wizard-gta
C:/Users/40sst/Unity Projects/wizard-gta/wizard-gta/wizard-gta
[UnityMemory] Configuration Parameters - Can be set up in boot.config
    "memorysetup-bucket-allocator-granularity=16"
    "memorysetup-bucket-allocator-bucket-count=8"
    "memorysetup-bucket-allocator-block-size=33554432"
    "memorysetup-bucket-allocator-block-count=8"
    "memorysetup-main-allocator-block-size=16777216"
    "memorysetup-thread-allocator-block-size=16777216"
    "memorysetup-gfx-main-allocator-block-size=16777216"
    "memorysetup-gfx-thread-allocator-block-size=16777216"
    "memorysetup-cache-allocator-block-size=4194304"
    "memorysetup-typetree-allocator-block-size=2097152"
    "memorysetup-profiler-bucket-allocator-granularity=16"
    "memorysetup-profiler-bucket-allocator-bucket-count=8"
    "memorysetup-profiler-bucket-allocator-block-size=33554432"
    "memorysetup-profiler-bucket-allocator-block-count=8"
    "memorysetup-profiler-allocator-block-size=16777216"
    "memorysetup-profiler-editor-allocator-block-size=1048576"
    "memorysetup-temp-allocator-size-main=16777216"
    "memorysetup-job-temp-allocator-block-size=2097152"
    "memorysetup-job-temp-allocator-block-size-background=1048576"
    "memorysetup-job-temp-allocator-reduction-small-platforms=262144"
    "memorysetup-allocator-temp-initial-block-size-main=262144"
    "memorysetup-allocator-temp-initial-block-size-worker=262144"
    "memorysetup-temp-allocator-size-background-worker=32768"
    "memorysetup-temp-allocator-size-job-worker=262144"
    "memorysetup-temp-allocator-size-preload-manager=33554432"
    "memorysetup-temp-allocator-size-nav-mesh-worker=65536"
    "memorysetup-temp-allocator-size-audio-worker=65536"
    "memorysetup-temp-allocator-size-cloud-worker=32768"
    "memorysetup-temp-allocator-size-gi-baking-worker=262144"
    "memorysetup-temp-allocator-size-gfx=262144"
Player connection [20188]  Target information:

Player connection [20188]  * "[IP] 10.40.64.185 [Port] 0 [Flags] 2 [Guid] 2046827655 [EditorId] 2046827655 [Version] 1048832 [Id] WindowsEditor(7,ifwoctopi) [Debug] 1 [PackageName] WindowsEditor [ProjectName] Editor" 

Player connection [20188] Host joined multi-casting on [225.0.0.222:54997]...
Player connection [20188] Host joined alternative multi-casting on [225.0.0.222:34997]...
[PhysX] Initialized MultithreadedTaskDispatcher with 24 workers.
Refreshing native plugins compatible for Editor in 9.54 ms, found 4 plugins.
Preloading 0 native plugins for Editor in 0.00 ms.
Initialize engine version: 2022.3.46f1 (8e9b8558c41a)
[Subsystems] Discovering subsystems at path C:/Program Files/Unity/Hub/Editor/2022.3.46f1/Editor/Data/Resources/UnitySubsystems
[Subsystems] Discovering subsystems at path C:/Users/40sst/Unity Projects/wizard-gta/wizard-gta/wizard-gta/Assets
GfxDevice: creating device client; threaded=0; jobified=0
Direct3D:
    Version:  Direct3D 11.0 [level 11.1]
    Renderer: NVIDIA GeForce RTX 4070 Laptop GPU (ID=0x2860)
    Vendor:   NVIDIA
    VRAM:     7948 MB
    Driver:   32.0.15.6624
Initialize mono
Mono path[0] = 'C:/Program Files/Unity/Hub/Editor/2022.3.46f1/Editor/Data/Managed'
Mono path[1] = 'C:/Program Files/Unity/Hub/Editor/2022.3.46f1/Editor/Data/MonoBleedingEdge/lib/mono/unityjit-win32'
Mono config path = 'C:/Program Files/Unity/Hub/Editor/2022.3.46f1/Editor/Data/MonoBleedingEdge/etc'
Using monoOptions --debugger-agent=transport=dt_socket,embedding=1,server=y,suspend=n,address=127.0.0.1:56524
Begin MonoManager ReloadAssembly
Registering precompiled unity dll's ...
Register platform support module: C:/Program Files/Unity/Hub/Editor/2022.3.46f1/Editor/Data/PlaybackEngines/WindowsStandaloneSupport/UnityEditor.WindowsStandalone.Extensions.dll
Registered in 0.006056 seconds.
- Loaded All Assemblies, in  0.246 seconds
Native extension for WindowsStandalone target not found
Mono: successfully reloaded assembly
- Finished resetting the current domain, in  0.181 seconds
Domain Reload Profiling: 426ms
	BeginReloadAssembly (77ms)
		ExecutionOrderSort (0ms)
		DisableScriptedObjects (0ms)
		BackupInstance (0ms)
		ReleaseScriptingObjects (0ms)
		CreateAndSetChildDomain (0ms)
	RebuildCommonClasses (22ms)
	RebuildNativeTypeToScriptingClass (9ms)
	initialDomainReloadingComplete (41ms)
	LoadAllAssembliesAndSetupDomain (94ms)
		LoadAssemblies (76ms)
		RebuildTransferFunctionScriptingTraits (0ms)
		AnalyzeDomain (93ms)
			TypeCache.Refresh (91ms)
				TypeCache.ScanAssembly (81ms)
			ScanForSourceGeneratedMonoScriptInfo (0ms)
			ResolveRequiredComponents (0ms)
	FinalizeReload (182ms)
		ReleaseScriptCaches (0ms)
		RebuildScriptCaches (0ms)
		SetupLoadedEditorAssemblies (146ms)
			LogAssemblyErrors (0ms)
			InitializePlatformSupportModulesInManaged (7ms)
			SetLoadedEditorAssemblies (5ms)
			RefreshPlugins (0ms)
			BeforeProcessingInitializeOnLoad (1ms)
			ProcessInitializeOnLoadAttributes (100ms)
			ProcessInitializeOnLoadMethodAttributes (33ms)
			AfterProcessingInitializeOnLoad (0ms)
			EditorAssembliesLoaded (0ms)
		ExecutionOrderSort2 (0ms)
		AwakeInstancesAfterBackupRestoration (0ms)
========================================================================
Worker process is ready to serve import requests
Caller must complete domain reload
Begin MonoManager ReloadAssembly
- Loaded All Assemblies, in  0.687 seconds
Native extension for WindowsStandalone target not found
Mono: successfully reloaded assembly
- Finished resetting the current domain, in  0.656 seconds
Domain Reload Profiling: 1333ms
	BeginReloadAssembly (115ms)
		ExecutionOrderSort (0ms)
		DisableScriptedObjects (4ms)
		BackupInstance (0ms)
		ReleaseScriptingObjects (0ms)
		CreateAndSetChildDomain (15ms)
	RebuildCommonClasses (30ms)
	RebuildNativeTypeToScriptingClass (9ms)
	initialDomainReloadingComplete (103ms)
	LoadAllAssembliesAndSetupDomain (418ms)
		LoadAssemblies (328ms)
		RebuildTransferFunctionScriptingTraits (0ms)
		AnalyzeDomain (159ms)
			TypeCache.Refresh (129ms)
				TypeCache.ScanAssembly (118ms)
			ScanForSourceGeneratedMonoScriptInfo (21ms)
			ResolveRequiredComponents (8ms)
	FinalizeReload (657ms)
		ReleaseScriptCaches (0ms)
		RebuildScriptCaches (0ms)
		SetupLoadedEditorAssemblies (546ms)
			LogAssemblyErrors (0ms)
			InitializePlatformSupportModulesInManaged (5ms)
			SetLoadedEditorAssemblies (3ms)
			RefreshPlugins (0ms)
			BeforeProcessingInitializeOnLoad (60ms)
			ProcessInitializeOnLoadAttributes (418ms)
			ProcessInitializeOnLoadMethodAttributes (53ms)
			AfterProcessingInitializeOnLoad (6ms)
			EditorAssembliesLoaded (0ms)
		ExecutionOrderSort2 (0ms)
		AwakeInstancesAfterBackupRestoration (5ms)
Launched and connected shader compiler UnityShaderCompiler.exe after 0.03 seconds
Refreshing native plugins compatible for Editor in 3.44 ms, found 4 plugins.
Preloading 0 native plugins for Editor in 0.00 ms.
Unloading 6314 Unused Serialized files (Serialized files now loaded: 0)
Unloading 68 unused Assets / (1.4 MB). Loaded Objects now: 6768.
Memory consumption went from 221.3 MB to 219.9 MB.
Total: 3.597700 ms (FindLiveObjects: 0.313600 ms CreateObjectMapping: 0.120100 ms MarkObjects: 2.728000 ms  DeleteObjects: 0.435500 ms)

AssetImportParameters requested are different than current active one (requested -> active):
  custom:container-demuxer-ogg: 62fdf1f143b41e24485cea50d1cbac27 -> 
  custom:video-codec-MediaFoundation-h265: 746d11721c4dcdbdad8f713fa42b33f4 -> 
  custom:video-decoder-ogg-theora: a1e56fd34408186e4bbccfd4996cb3dc -> 
  custom:framework-win-MediaFoundation: 216162199b28c13a410421893ffa2e32 -> 
  custom:CustomObjectIndexerAttribute: 72b91833f83ae208fae7752999fa3104 -> 
  custom:container-demuxer-webm: 4f35f7cbe854078d1ac9338744f61a02 -> 
  custom:container-muxer-webm: aa71ff27fc2769a1b78a27578f13a17b -> 
  custom:video-decoder-webm-vp8: 9c59270c3fd7afecdb556c50c9e8de78 -> 
  custom:SearchIndexIgnoredProperties: e643bd26f0fe6173181afceb89e7c659 -> 
  custom:AudioImporter_EditorPlatform: d09bf68614088b80899f8185d706f6e7 -> 
  custom:video-encoder-webm-vp8: eb34c28f22e8b96e1ab97ce403110664 -> 
  custom:audio-decoder-ogg-vorbis: bf7c407c2cedff20999df2af8eb42d56 -> 
  custom:audio-encoder-webm-vorbis: bf7c407c2cedff20999df2af8eb42d56 -> 
========================================================================
Received Import Request.
  Time since last request: 727745.288734 seconds.
  path: Assets/Brackeys/2D Mega Pack/Weapons & Tools/Axe.png
  artifactKey: Guid(8708d80070522a043a1ab6a2b2775382) Importer(815301076,1909f56bfc062723c751e8b465ee728b)
Start importing Assets/Brackeys/2D Mega Pack/Weapons & Tools/Axe.png using Guid(8708d80070522a043a1ab6a2b2775382) Importer(815301076,1909f56bfc062723c751e8b465ee728b) [PhysX] Initialized MultithreadedTaskDispatcher with 24 workers.
[PhysX] Initialized MultithreadedTaskDispatcher with 24 workers.
 -> (artifact id: 'ef9a418d591bb7334e94cdbaf80cc8e9') in 0.066768 seconds
Number of updated asset objects reloaded before import = 0
Number of asset objects unloaded after import = 3
========================================================================
Received Prepare
Caller must complete domain reload
Begin MonoManager ReloadAssembly
- Loaded All Assemblies, in  0.814 seconds
Native extension for WindowsStandalone target not found
Mono: successfully reloaded assembly
- Finished resetting the current domain, in  0.687 seconds
Domain Reload Profiling: 1500ms
	BeginReloadAssembly (555ms)
		ExecutionOrderSort (0ms)
		DisableScriptedObjects (446ms)
		BackupInstance (0ms)
		ReleaseScriptingObjects (0ms)
		CreateAndSetChildDomain (28ms)
	RebuildCommonClasses (20ms)
	RebuildNativeTypeToScriptingClass (10ms)
	initialDomainReloadingComplete (23ms)
	LoadAllAssembliesAndSetupDomain (204ms)
		LoadAssemblies (240ms)
		RebuildTransferFunctionScriptingTraits (0ms)
		AnalyzeDomain (17ms)
			TypeCache.Refresh (6ms)
				TypeCache.ScanAssembly (0ms)
			ScanForSourceGeneratedMonoScriptInfo (0ms)
			ResolveRequiredComponents (10ms)
	FinalizeReload (687ms)
		ReleaseScriptCaches (0ms)
		RebuildScriptCaches (0ms)
		SetupLoadedEditorAssemblies (527ms)
			LogAssemblyErrors (0ms)
			InitializePlatformSupportModulesInManaged (5ms)
			SetLoadedEditorAssemblies (3ms)
			RefreshPlugins (0ms)
			BeforeProcessingInitializeOnLoad (67ms)
			ProcessInitializeOnLoadAttributes (401ms)
			ProcessInitializeOnLoadMethodAttributes (46ms)
			AfterProcessingInitializeOnLoad (5ms)
			EditorAssembliesLoaded (0ms)
		ExecutionOrderSort2 (0ms)
		AwakeInstancesAfterBackupRestoration (14ms)
Refreshing native plugins compatible for Editor in 5.49 ms, found 4 plugins.
Preloading 0 native plugins for Editor in 0.00 ms.
Unloading 6226 Unused Serialized files (Serialized files now loaded: 0)
Unloading 41 unused Assets / (1.4 MB). Loaded Objects now: 6792.
Memory consumption went from 205.6 MB to 204.2 MB.
Total: 3.639900 ms (FindLiveObjects: 0.391200 ms CreateObjectMapping: 0.146500 ms MarkObjects: 2.561000 ms  DeleteObjects: 0.540200 ms)

Prepare: number of updated asset objects reloaded= 0
AssetImportParameters requested are different than current active one (requested -> active):
  custom:container-demuxer-ogg: 62fdf1f143b41e24485cea50d1cbac27 -> 
  custom:video-codec-MediaFoundation-h265: 746d11721c4dcdbdad8f713fa42b33f4 -> 
  custom:video-decoder-ogg-theora: a1e56fd34408186e4bbccfd4996cb3dc -> 
  custom:framework-win-MediaFoundation: 216162199b28c13a410421893ffa2e32 -> 
  custom:CustomObjectIndexerAttribute: 72b91833f83ae208fae7752999fa3104 -> 
  custom:container-demuxer-webm: 4f35f7cbe854078d1ac9338744f61a02 -> 
  custom:container-muxer-webm: aa71ff27fc2769a1b78a27578f13a17b -> 
  custom:video-decoder-webm-vp8: 9c59270c3fd7afecdb556c50c9e8de78 -> 
  custom:SearchIndexIgnoredProperties: e643bd26f0fe6173181afceb89e7c659 -> 
  custom:AudioImporter_EditorPlatform: d09bf68614088b80899f8185d706f6e7 -> 
  custom:video-encoder-webm-vp8: eb34c28f22e8b96e1ab97ce403110664 -> 
  custom:audio-decoder-ogg-vorbis: bf7c407c2cedff20999df2af8eb42d56 -> 
  custom:audio-encoder-webm-vorbis: bf7c407c2cedff20999df2af8eb42d56 -> 
========================================================================
Received Prepare
Caller must complete domain reload
Begin MonoManager ReloadAssembly
- Loaded All Assemblies, in  0.332 seconds
Native extension for WindowsStandalone target not found
Mono: successfully reloaded assembly
- Finished resetting the current domain, in  1.069 seconds
Domain Reload Profiling: 1399ms
	BeginReloadAssembly (114ms)
		ExecutionOrderSort (0ms)
		DisableScriptedObjects (6ms)
		BackupInstance (0ms)
		ReleaseScriptingObjects (0ms)
		CreateAndSetChildDomain (25ms)
	RebuildCommonClasses (26ms)
	RebuildNativeTypeToScriptingClass (7ms)
	initialDomainReloadingComplete (21ms)
	LoadAllAssembliesAndSetupDomain (163ms)
		LoadAssemblies (206ms)
		RebuildTransferFunctionScriptingTraits (0ms)
		AnalyzeDomain (13ms)
			TypeCache.Refresh (4ms)
				TypeCache.ScanAssembly (0ms)
			ScanForSourceGeneratedMonoScriptInfo (0ms)
			ResolveRequiredComponents (8ms)
	FinalizeReload (1070ms)
		ReleaseScriptCaches (0ms)
		RebuildScriptCaches (0ms)
		SetupLoadedEditorAssemblies (521ms)
			LogAssemblyErrors (0ms)
			InitializePlatformSupportModulesInManaged (4ms)
			SetLoadedEditorAssemblies (3ms)
			RefreshPlugins (0ms)
			BeforeProcessingInitializeOnLoad (64ms)
			ProcessInitializeOnLoadAttributes (398ms)
			ProcessInitializeOnLoadMethodAttributes (46ms)
			AfterProcessingInitializeOnLoad (6ms)
			EditorAssembliesLoaded (0ms)
		ExecutionOrderSort2 (0ms)
		AwakeInstancesAfterBackupRestoration (11ms)
Refreshing native plugins compatible for Editor in 4.10 ms, found 4 plugins.
Preloading 0 native plugins for Editor in 0.00 ms.
Unloading 6226 Unused Serialized files (Serialized files now loaded: 0)
Unloading 41 unused Assets / (1.4 MB). Loaded Objects now: 6808.
Memory consumption went from 205.6 MB to 204.2 MB.
Total: 3.337000 ms (FindLiveObjects: 0.293600 ms CreateObjectMapping: 0.113600 ms MarkObjects: 2.447600 ms  DeleteObjects: 0.481500 ms)

Prepare: number of updated asset objects reloaded= 0
AssetImportParameters requested are different than current active one (requested -> active):
  custom:container-demuxer-ogg: 62fdf1f143b41e24485cea50d1cbac27 -> 
  custom:video-codec-MediaFoundation-h265: 746d11721c4dcdbdad8f713fa42b33f4 -> 
  custom:video-decoder-ogg-theora: a1e56fd34408186e4bbccfd4996cb3dc -> 
  custom:framework-win-MediaFoundation: 216162199b28c13a410421893ffa2e32 -> 
  custom:CustomObjectIndexerAttribute: 72b91833f83ae208fae7752999fa3104 -> 
  custom:container-demuxer-webm: 4f35f7cbe854078d1ac9338744f61a02 -> 
  custom:container-muxer-webm: aa71ff27fc2769a1b78a27578f13a17b -> 
  custom:video-decoder-webm-vp8: 9c59270c3fd7afecdb556c50c9e8de78 -> 
  custom:SearchIndexIgnoredProperties: e643bd26f0fe6173181afceb89e7c659 -> 
  custom:AudioImporter_EditorPlatform: d09bf68614088b80899f8185d706f6e7 -> 
  custom:video-encoder-webm-vp8: eb34c28f22e8b96e1ab97ce403110664 -> 
  custom:audio-decoder-ogg-vorbis: bf7c407c2cedff20999df2af8eb42d56 -> 
  custom:audio-encoder-webm-vorbis: bf7c407c2cedff20999df2af8eb42d56 -> 
========================================================================
Received Prepare
Caller must complete domain reload
Begin MonoManager ReloadAssembly
- Loaded All Assemblies, in  0.338 seconds
Native extension for WindowsStandalone target not found
Mono: successfully reloaded assembly
- Finished resetting the current domain, in  1.131 seconds
Domain Reload Profiling: 1465ms
	BeginReloadAssembly (109ms)
		ExecutionOrderSort (0ms)
		DisableScriptedObjects (7ms)
		BackupInstance (0ms)
		ReleaseScriptingObjects (0ms)
		CreateAndSetChildDomain (23ms)
	RebuildCommonClasses (19ms)
	RebuildNativeTypeToScriptingClass (11ms)
	initialDomainReloadingComplete (21ms)
	LoadAllAssembliesAndSetupDomain (173ms)
		LoadAssemblies (213ms)
		RebuildTransferFunctionScriptingTraits (0ms)
		AnalyzeDomain (14ms)
			TypeCache.Refresh (5ms)
				TypeCache.ScanAssembly (0ms)
			ScanForSourceGeneratedMonoScriptInfo (0ms)
			ResolveRequiredComponents (8ms)
	FinalizeReload (1131ms)
		ReleaseScriptCaches (0ms)
		RebuildScriptCaches (0ms)
		SetupLoadedEditorAssemblies (509ms)
			LogAssemblyErrors (0ms)
			InitializePlatformSupportModulesInManaged (5ms)
			SetLoadedEditorAssemblies (2ms)
			RefreshPlugins (0ms)
			BeforeProcessingInitializeOnLoad (65ms)
			ProcessInitializeOnLoadAttributes (383ms)
			ProcessInitializeOnLoadMethodAttributes (48ms)
			AfterProcessingInitializeOnLoad (6ms)
			EditorAssembliesLoaded (0ms)
		ExecutionOrderSort2 (0ms)
		AwakeInstancesAfterBackupRestoration (9ms)
Refreshing native plugins compatible for Editor in 6.81 ms, found 4 plugins.
Preloading 0 native plugins for Editor in 0.00 ms.
Unloading 6226 Unused Serialized files (Serialized files now loaded: 0)
Unloading 41 unused Assets / (1.4 MB). Loaded Objects now: 6824.
Memory consumption went from 205.6 MB to 204.2 MB.
Total: 3.346800 ms (FindLiveObjects: 0.286700 ms CreateObjectMapping: 0.114700 ms MarkObjects: 2.425000 ms  DeleteObjects: 0.519700 ms)

Prepare: number of updated asset objects reloaded= 0
AssetImportParameters requested are different than current active one (requested -> active):
  custom:container-demuxer-ogg: 62fdf1f143b41e24485cea50d1cbac27 -> 
  custom:video-codec-MediaFoundation-h265: 746d11721c4dcdbdad8f713fa42b33f4 -> 
  custom:video-decoder-ogg-theora: a1e56fd34408186e4bbccfd4996cb3dc -> 
  custom:framework-win-MediaFoundation: 216162199b28c13a410421893ffa2e32 -> 
  custom:CustomObjectIndexerAttribute: 72b91833f83ae208fae7752999fa3104 -> 
  custom:container-demuxer-webm: 4f35f7cbe854078d1ac9338744f61a02 -> 
  custom:container-muxer-webm: aa71ff27fc2769a1b78a27578f13a17b -> 
  custom:video-decoder-webm-vp8: 9c59270c3fd7afecdb556c50c9e8de78 -> 
  custom:SearchIndexIgnoredProperties: e643bd26f0fe6173181afceb89e7c659 -> 
  custom:AudioImporter_EditorPlatform: d09bf68614088b80899f8185d706f6e7 -> 
  custom:video-encoder-webm-vp8: eb34c28f22e8b96e1ab97ce403110664 -> 
  custom:audio-decoder-ogg-vorbis: bf7c407c2cedff20999df2af8eb42d56 -> 
  custom:audio-encoder-webm-vorbis: bf7c407c2cedff20999df2af8eb42d56 -> 
========================================================================
Received Prepare
Caller must complete domain reload
Begin MonoManager ReloadAssembly
- Loaded All Assemblies, in  0.329 seconds
Native extension for WindowsStandalone target not found
Mono: successfully reloaded assembly
- Finished resetting the current domain, in  1.174 seconds
Domain Reload Profiling: 1500ms
	BeginReloadAssembly (111ms)
		ExecutionOrderSort (0ms)
		DisableScriptedObjects (7ms)
		BackupInstance (0ms)
		ReleaseScriptingObjects (0ms)
		CreateAndSetChildDomain (25ms)
	RebuildCommonClasses (20ms)
	RebuildNativeTypeToScriptingClass (7ms)
	initialDomainReloadingComplete (20ms)
	LoadAllAssembliesAndSetupDomain (168ms)
		LoadAssemblies (208ms)
		RebuildTransferFunctionScriptingTraits (0ms)
		AnalyzeDomain (14ms)
			TypeCache.Refresh (6ms)
				TypeCache.ScanAssembly (0ms)
			ScanForSourceGeneratedMonoScriptInfo (0ms)
			ResolveRequiredComponents (7ms)
	FinalizeReload (1174ms)
		ReleaseScriptCaches (0ms)
		RebuildScriptCaches (0ms)
		SetupLoadedEditorAssemblies (534ms)
			LogAssemblyErrors (0ms)
			InitializePlatformSupportModulesInManaged (5ms)
			SetLoadedEditorAssemblies (4ms)
			RefreshPlugins (0ms)
			BeforeProcessingInitializeOnLoad (75ms)
			ProcessInitializeOnLoadAttributes (395ms)
			ProcessInitializeOnLoadMethodAttributes (49ms)
			AfterProcessingInitializeOnLoad (6ms)
			EditorAssembliesLoaded (0ms)
		ExecutionOrderSort2 (0ms)
		AwakeInstancesAfterBackupRestoration (10ms)
Refreshing native plugins compatible for Editor in 4.47 ms, found 4 plugins.
Preloading 0 native plugins for Editor in 0.00 ms.
Unloading 6226 Unused Serialized files (Serialized files now loaded: 0)
Unloading 41 unused Assets / (1.4 MB). Loaded Objects now: 6840.
Memory consumption went from 205.6 MB to 204.2 MB.
Total: 3.490500 ms (FindLiveObjects: 0.311200 ms CreateObjectMapping: 0.128600 ms MarkObjects: 2.543800 ms  DeleteObjects: 0.506100 ms)

Prepare: number of updated asset objects reloaded= 0
AssetImportParameters requested are different than current active one (requested -> active):
  custom:container-demuxer-ogg: 62fdf1f143b41e24485cea50d1cbac27 -> 
  custom:video-codec-MediaFoundation-h265: 746d11721c4dcdbdad8f713fa42b33f4 -> 
  custom:video-decoder-ogg-theora: a1e56fd34408186e4bbccfd4996cb3dc -> 
  custom:framework-win-MediaFoundation: 216162199b28c13a410421893ffa2e32 -> 
  custom:CustomObjectIndexerAttribute: 72b91833f83ae208fae7752999fa3104 -> 
  custom:container-demuxer-webm: 4f35f7cbe854078d1ac9338744f61a02 -> 
  custom:container-muxer-webm: aa71ff27fc2769a1b78a27578f13a17b -> 
  custom:video-decoder-webm-vp8: 9c59270c3fd7afecdb556c50c9e8de78 -> 
  custom:SearchIndexIgnoredProperties: e643bd26f0fe6173181afceb89e7c659 -> 
  custom:AudioImporter_EditorPlatform: d09bf68614088b80899f8185d706f6e7 -> 
  custom:video-encoder-webm-vp8: eb34c28f22e8b96e1ab97ce403110664 -> 
  custom:audio-decoder-ogg-vorbis: bf7c407c2cedff20999df2af8eb42d56 -> 
  custom:audio-encoder-webm-vorbis: bf7c407c2cedff20999df2af8eb42d56 -> 
========================================================================
Received Prepare
Caller must complete domain reload
Begin MonoManager ReloadAssembly
- Loaded All Assemblies, in  0.338 seconds
Native extension for WindowsStandalone target not found
Mono: successfully reloaded assembly
- Finished resetting the current domain, in  1.100 seconds
Domain Reload Profiling: 1435ms
	BeginReloadAssembly (111ms)
		ExecutionOrderSort (0ms)
		DisableScriptedObjects (6ms)
		BackupInstance (0ms)
		ReleaseScriptingObjects (0ms)
		CreateAndSetChildDomain (22ms)
	RebuildCommonClasses (21ms)
	RebuildNativeTypeToScriptingClass (7ms)
	initialDomainReloadingComplete (24ms)
	LoadAllAssembliesAndSetupDomain (173ms)
		LoadAssemblies (216ms)
		RebuildTransferFunctionScriptingTraits (0ms)
		AnalyzeDomain (13ms)
			TypeCache.Refresh (5ms)
				TypeCache.ScanAssembly (0ms)
			ScanForSourceGeneratedMonoScriptInfo (0ms)
			ResolveRequiredComponents (7ms)
	FinalizeReload (1100ms)
		ReleaseScriptCaches (0ms)
		RebuildScriptCaches (0ms)
		SetupLoadedEditorAssemblies (538ms)
			LogAssemblyErrors (0ms)
			InitializePlatformSupportModulesInManaged (6ms)
			SetLoadedEditorAssemblies (3ms)
			RefreshPlugins (0ms)
			BeforeProcessingInitializeOnLoad (70ms)
			ProcessInitializeOnLoadAttributes (407ms)
			ProcessInitializeOnLoadMethodAttributes (48ms)
			AfterProcessingInitializeOnLoad (5ms)
			EditorAssembliesLoaded (0ms)
		ExecutionOrderSort2 (0ms)
		AwakeInstancesAfterBackupRestoration (10ms)
Refreshing native plugins compatible for Editor in 3.23 ms, found 4 plugins.
Preloading 0 native plugins for Editor in 0.00 ms.
Unloading 6226 Unused Serialized files (Serialized files now loaded: 0)
Unloading 41 unused Assets / (1.4 MB). Loaded Objects now: 6856.
Memory consumption went from 205.6 MB to 204.3 MB.
Total: 3.679400 ms (FindLiveObjects: 0.283800 ms CreateObjectMapping: 0.112400 ms MarkObjects: 2.815200 ms  DeleteObjects: 0.466400 ms)

Prepare: number of updated asset objects reloaded= 0
AssetImportParameters requested are different than current active one (requested -> active):
  custom:container-demuxer-ogg: 62fdf1f143b41e24485cea50d1cbac27 -> 
  custom:video-codec-MediaFoundation-h265: 746d11721c4dcdbdad8f713fa42b33f4 -> 
  custom:video-decoder-ogg-theora: a1e56fd34408186e4bbccfd4996cb3dc -> 
  custom:framework-win-MediaFoundation: 216162199b28c13a410421893ffa2e32 -> 
  custom:CustomObjectIndexerAttribute: 72b91833f83ae208fae7752999fa3104 -> 
  custom:container-demuxer-webm: 4f35f7cbe854078d1ac9338744f61a02 -> 
  custom:container-muxer-webm: aa71ff27fc2769a1b78a27578f13a17b -> 
  custom:video-decoder-webm-vp8: 9c59270c3fd7afecdb556c50c9e8de78 -> 
  custom:SearchIndexIgnoredProperties: e643bd26f0fe6173181afceb89e7c659 -> 
  custom:AudioImporter_EditorPlatform: d09bf68614088b80899f8185d706f6e7 -> 
  custom:video-encoder-webm-vp8: eb34c28f22e8b96e1ab97ce403110664 -> 
  custom:audio-decoder-ogg-vorbis: bf7c407c2cedff20999df2af8eb42d56 -> 
  custom:audio-encoder-webm-vorbis: bf7c407c2cedff20999df2af8eb42d56 -> 
========================================================================
Received Import Request.
  Time since last request: 774.492488 seconds.
  path: Assets/Prefabs/Enemy-Wizard.prefab
  artifactKey: Guid(d049b76a960739f4e97c53c1c4bcb8e4) Importer(815301076,1909f56bfc062723c751e8b465ee728b)
Start importing Assets/Prefabs/Enemy-Wizard.prefab using Guid(d049b76a960739f4e97c53c1c4bcb8e4) Importer(815301076,1909f56bfc062723c751e8b465ee728b) [PhysX] Initialized MultithreadedTaskDispatcher with 24 workers.
 -> (artifact id: '9c2e8658dcffdea1b201b8a506907cea') in 0.003082 seconds
Number of updated asset objects reloaded before import = 0
Number of asset objects unloaded after import = 0
========================================================================
Received Prepare
Caller must complete domain reload
Begin MonoManager ReloadAssembly
- Loaded All Assemblies, in  0.344 seconds
Native extension for WindowsStandalone target not found
Mono: successfully reloaded assembly
- Finished resetting the current domain, in  1.058 seconds
Domain Reload Profiling: 1399ms
	BeginReloadAssembly (116ms)
		ExecutionOrderSort (0ms)
		DisableScriptedObjects (8ms)
		BackupInstance (0ms)
		ReleaseScriptingObjects (0ms)
		CreateAndSetChildDomain (29ms)
	RebuildCommonClasses (20ms)
	RebuildNativeTypeToScriptingClass (7ms)
	initialDomainReloadingComplete (20ms)
	LoadAllAssembliesAndSetupDomain (178ms)
		LoadAssemblies (217ms)
		RebuildTransferFunctionScriptingTraits (0ms)
		AnalyzeDomain (14ms)
			TypeCache.Refresh (4ms)
				TypeCache.ScanAssembly (0ms)
			ScanForSourceGeneratedMonoScriptInfo (0ms)
			ResolveRequiredComponents (8ms)
	FinalizeReload (1059ms)
		ReleaseScriptCaches (0ms)
		RebuildScriptCaches (0ms)
		SetupLoadedEditorAssemblies (509ms)
			LogAssemblyErrors (0ms)
			InitializePlatformSupportModulesInManaged (4ms)
			SetLoadedEditorAssemblies (3ms)
			RefreshPlugins (0ms)
			BeforeProcessingInitializeOnLoad (65ms)
			ProcessInitializeOnLoadAttributes (383ms)
			ProcessInitializeOnLoadMethodAttributes (47ms)
			AfterProcessingInitializeOnLoad (6ms)
			EditorAssembliesLoaded (0ms)
		ExecutionOrderSort2 (0ms)
		AwakeInstancesAfterBackupRestoration (9ms)
Refreshing native plugins compatible for Editor in 4.05 ms, found 4 plugins.
Preloading 0 native plugins for Editor in 0.00 ms.
Unloading 6226 Unused Serialized files (Serialized files now loaded: 0)
Unloading 41 unused Assets / (1.4 MB). Loaded Objects now: 6872.
Memory consumption went from 205.7 MB to 204.3 MB.
Total: 3.274800 ms (FindLiveObjects: 0.303500 ms CreateObjectMapping: 0.111800 ms MarkObjects: 2.446700 ms  DeleteObjects: 0.412000 ms)

Prepare: number of updated asset objects reloaded= 0
AssetImportParameters requested are different than current active one (requested -> active):
  custom:container-demuxer-ogg: 62fdf1f143b41e24485cea50d1cbac27 -> 
  custom:video-codec-MediaFoundation-h265: 746d11721c4dcdbdad8f713fa42b33f4 -> 
  custom:video-decoder-ogg-theora: a1e56fd34408186e4bbccfd4996cb3dc -> 
  custom:framework-win-MediaFoundation: 216162199b28c13a410421893ffa2e32 -> 
  custom:CustomObjectIndexerAttribute: 72b91833f83ae208fae7752999fa3104 -> 
  custom:container-demuxer-webm: 4f35f7cbe854078d1ac9338744f61a02 -> 
  custom:container-muxer-webm: aa71ff27fc2769a1b78a27578f13a17b -> 
  custom:video-decoder-webm-vp8: 9c59270c3fd7afecdb556c50c9e8de78 -> 
  custom:SearchIndexIgnoredProperties: e643bd26f0fe6173181afceb89e7c659 -> 
  custom:AudioImporter_EditorPlatform: d09bf68614088b80899f8185d706f6e7 -> 
  custom:video-encoder-webm-vp8: eb34c28f22e8b96e1ab97ce403110664 -> 
  custom:audio-decoder-ogg-vorbis: bf7c407c2cedff20999df2af8eb42d56 -> 
  custom:audio-encoder-webm-vorbis: bf7c407c2cedff20999df2af8eb42d56 -> 
========================================================================
Received Import Request.
  Time since last request: 33.673555 seconds.
  path: Assets/Prefabs/Enemy-Wizard.prefab
  artifactKey: Guid(d049b76a960739f4e97c53c1c4bcb8e4) Importer(815301076,1909f56bfc062723c751e8b465ee728b)
Start importing Assets/Prefabs/Enemy-Wizard.prefab using Guid(d049b76a960739f4e97c53c1c4bcb8e4) Importer(815301076,1909f56bfc062723c751e8b465ee728b) [PhysX] Initialized MultithreadedTaskDispatcher with 24 workers.
 -> (artifact id: '9c2e8658dcffdea1b201b8a506907cea') in 0.006871 seconds
Number of updated asset objects reloaded before import = 0
Number of asset objects unloaded after import = 0
========================================================================
Received Import Request.
  Time since last request: 14.995372 seconds.
  path: Assets/Prefabs/Evil-Wizard.prefab
  artifactKey: Guid(03ddb69c39508be4b943995d70a27923) Importer(815301076,1909f56bfc062723c751e8b465ee728b)
Start importing Assets/Prefabs/Evil-Wizard.prefab using Guid(03ddb69c39508be4b943995d70a27923) Importer(815301076,1909f56bfc062723c751e8b465ee728b) [PhysX] Initialized MultithreadedTaskDispatcher with 24 workers.
 -> (artifact id: '418b88641a64a0f7cf76cd805e6cd58d') in 0.000388 seconds
Number of updated asset objects reloaded before import = 0
Number of asset objects unloaded after import = 0
========================================================================
Received Prepare
Caller must complete domain reload
Begin MonoManager ReloadAssembly
- Loaded All Assemblies, in  0.336 seconds
Native extension for WindowsStandalone target not found
Mono: successfully reloaded assembly
- Finished resetting the current domain, in  1.037 seconds
Domain Reload Profiling: 1370ms
	BeginReloadAssembly (109ms)
		ExecutionOrderSort (0ms)
		DisableScriptedObjects (6ms)
		BackupInstance (0ms)
		ReleaseScriptingObjects (0ms)
		CreateAndSetChildDomain (25ms)
	RebuildCommonClasses (20ms)
	RebuildNativeTypeToScriptingClass (6ms)
	initialDomainReloadingComplete (21ms)
	LoadAllAssembliesAndSetupDomain (177ms)
		LoadAssemblies (218ms)
		RebuildTransferFunctionScriptingTraits (0ms)
		AnalyzeDomain (13ms)
			TypeCache.Refresh (4ms)
				TypeCache.ScanAssembly (0ms)
			ScanForSourceGeneratedMonoScriptInfo (0ms)
			ResolveRequiredComponents (7ms)
	FinalizeReload (1037ms)
		ReleaseScriptCaches (0ms)
		RebuildScriptCaches (0ms)
		SetupLoadedEditorAssemblies (523ms)
			LogAssemblyErrors (0ms)
			InitializePlatformSupportModulesInManaged (5ms)
			SetLoadedEditorAssemblies (2ms)
			RefreshPlugins (0ms)
			BeforeProcessingInitializeOnLoad (68ms)
			ProcessInitializeOnLoadAttributes (393ms)
			ProcessInitializeOnLoadMethodAttributes (47ms)
			AfterProcessingInitializeOnLoad (7ms)
			EditorAssembliesLoaded (0ms)
		ExecutionOrderSort2 (0ms)
		AwakeInstancesAfterBackupRestoration (9ms)
Refreshing native plugins compatible for Editor in 3.64 ms, found 4 plugins.
Preloading 0 native plugins for Editor in 0.00 ms.
Unloading 6226 Unused Serialized files (Serialized files now loaded: 0)
Unloading 41 unused Assets / (1.4 MB). Loaded Objects now: 6888.
Memory consumption went from 205.7 MB to 204.3 MB.
Total: 3.334100 ms (FindLiveObjects: 0.287400 ms CreateObjectMapping: 0.122600 ms MarkObjects: 2.494300 ms  DeleteObjects: 0.428800 ms)

Prepare: number of updated asset objects reloaded= 0
AssetImportParameters requested are different than current active one (requested -> active):
  custom:container-demuxer-ogg: 62fdf1f143b41e24485cea50d1cbac27 -> 
  custom:video-codec-MediaFoundation-h265: 746d11721c4dcdbdad8f713fa42b33f4 -> 
  custom:video-decoder-ogg-theora: a1e56fd34408186e4bbccfd4996cb3dc -> 
  custom:framework-win-MediaFoundation: 216162199b28c13a410421893ffa2e32 -> 
  custom:CustomObjectIndexerAttribute: 72b91833f83ae208fae7752999fa3104 -> 
  custom:container-demuxer-webm: 4f35f7cbe854078d1ac9338744f61a02 -> 
  custom:container-muxer-webm: aa71ff27fc2769a1b78a27578f13a17b -> 
  custom:video-decoder-webm-vp8: 9c59270c3fd7afecdb556c50c9e8de78 -> 
  custom:SearchIndexIgnoredProperties: e643bd26f0fe6173181afceb89e7c659 -> 
  custom:AudioImporter_EditorPlatform: d09bf68614088b80899f8185d706f6e7 -> 
  custom:video-encoder-webm-vp8: eb34c28f22e8b96e1ab97ce403110664 -> 
  custom:audio-decoder-ogg-vorbis: bf7c407c2cedff20999df2af8eb42d56 -> 
  custom:audio-encoder-webm-vorbis: bf7c407c2cedff20999df2af8eb42d56 -> 
========================================================================
Received Import Request.
  Time since last request: 7.097487 seconds.
  path: Assets/Prefabs/Evil-Wizard.prefab
  artifactKey: Guid(03ddb69c39508be4b943995d70a27923) Importer(815301076,1909f56bfc062723c751e8b465ee728b)
Start importing Assets/Prefabs/Evil-Wizard.prefab using Guid(03ddb69c39508be4b943995d70a27923) Importer(815301076,1909f56bfc062723c751e8b465ee728b) [PhysX] Initialized MultithreadedTaskDispatcher with 24 workers.
 -> (artifact id: '418b88641a64a0f7cf76cd805e6cd58d') in 0.005937 seconds
Number of updated asset objects reloaded before import = 0
Number of asset objects unloaded after import = 0
========================================================================
Received Import Request.
  Time since last request: 0.000022 seconds.
  path: Assets/Prefabs/Enemy-Wizard.prefab
  artifactKey: Guid(d049b76a960739f4e97c53c1c4bcb8e4) Importer(815301076,1909f56bfc062723c751e8b465ee728b)
Start importing Assets/Prefabs/Enemy-Wizard.prefab using Guid(d049b76a960739f4e97c53c1c4bcb8e4) Importer(815301076,1909f56bfc062723c751e8b465ee728b) [PhysX] Initialized MultithreadedTaskDispatcher with 24 workers.
 -> (artifact id: '9c2e8658dcffdea1b201b8a506907cea') in 0.000517 seconds
Number of updated asset objects reloaded before import = 0
Number of asset objects unloaded after import = 0
========================================================================
Received Import Request.
  Time since last request: 795.254967 seconds.
  path: Assets/UniversalRenderPipelineGlobalSettings.asset
  artifactKey: Guid(93b439a37f63240aca3dd4e01d978a9f) Importer(2089858483,0ecaa5967403d082aa24f35e1b516d23)
Start importing Assets/UniversalRenderPipelineGlobalSettings.asset using Guid(93b439a37f63240aca3dd4e01d978a9f) Importer(2089858483,0ecaa5967403d082aa24f35e1b516d23) [PhysX] Initialized MultithreadedTaskDispatcher with 24 workers.
 -> (artifact id: 'f57a6f91996a4be8c391f50269c20e01') in 0.137659 seconds
Number of updated asset objects reloaded before import = 0
Number of asset objects unloaded after import = 1
========================================================================
Received Import Request.
  Time since last request: 0.000022 seconds.
  path: Assets/Scripts/PlayerFOV.cs
  artifactKey: Guid(472c47df038115b439a49cdf69969cdc) Importer(2089858483,0ecaa5967403d082aa24f35e1b516d23)
Start importing Assets/Scripts/PlayerFOV.cs using Guid(472c47df038115b439a49cdf69969cdc) Importer(2089858483,0ecaa5967403d082aa24f35e1b516d23) [PhysX] Initialized MultithreadedTaskDispatcher with 24 workers.
 -> (artifact id: '3356338bd961df11035197c30e114208') in 0.008219 seconds
Number of updated asset objects reloaded before import = 0
Number of asset objects unloaded after import = 1
========================================================================
Received Import Request.
  Time since last request: 0.000026 seconds.
  path: Assets/TextMesh Pro/Resources/LineBreaking Leading Characters.txt
  artifactKey: Guid(d82c1b31c7e74239bff1220585707d2b) Importer(2089858483,0ecaa5967403d082aa24f35e1b516d23)
Start importing Assets/TextMesh Pro/Resources/LineBreaking Leading Characters.txt using Guid(d82c1b31c7e74239bff1220585707d2b) Importer(2089858483,0ecaa5967403d082aa24f35e1b516d23) [PhysX] Initialized MultithreadedTaskDispatcher with 24 workers.
 -> (artifact id: '92fc230d217e19a40f0f9fa117eb35de') in 0.006749 seconds
Number of updated asset objects reloaded before import = 0
Number of asset objects unloaded after import = 1
========================================================================
Received Import Request.
  Time since last request: 0.000014 seconds.
  path: Assets/Brackeys/2D Mega Pack/-- Example Photos --/Dungeon Puzzle Example.png
  artifactKey: Guid(a6a22e0c395be6049bb58c2edebd5c4e) Importer(2089858483,0ecaa5967403d082aa24f35e1b516d23)
Start importing Assets/Brackeys/2D Mega Pack/-- Example Photos --/Dungeon Puzzle Example.png using Guid(a6a22e0c395be6049bb58c2edebd5c4e) Importer(2089858483,0ecaa5967403d082aa24f35e1b516d23) [PhysX] Initialized MultithreadedTaskDispatcher with 24 workers.
 -> (artifact id: '1f95d666814f76d7bc5f9c0d372cc836') in 0.048792 seconds
Number of updated asset objects reloaded before import = 0
Number of asset objects unloaded after import = 3
========================================================================
Received Import Request.
  Time since last request: 0.000019 seconds.
  path: Assets/TextMesh Pro/Shaders/TMPro.cginc
  artifactKey: Guid(407bc68d299748449bbf7f48ee690f8d) Importer(2089858483,0ecaa5967403d082aa24f35e1b516d23)
Start importing Assets/TextMesh Pro/Shaders/TMPro.cginc using Guid(407bc68d299748449bbf7f48ee690f8d) Importer(2089858483,0ecaa5967403d082aa24f35e1b516d23) [PhysX] Initialized MultithreadedTaskDispatcher with 24 workers.
 -> (artifact id: '32c9c812e8ce5a020758ad891aefcc53') in 0.004333 seconds
Number of updated asset objects reloaded before import = 0
Number of asset objects unloaded after import = 1
========================================================================
Received Import Request.
  Time since last request: 0.000016 seconds.
  path: Assets/Prefabs/Evil-Wizard.prefab
  artifactKey: Guid(03ddb69c39508be4b943995d70a27923) Importer(2089858483,0ecaa5967403d082aa24f35e1b516d23)
Start importing Assets/Prefabs/Evil-Wizard.prefab using Guid(03ddb69c39508be4b943995d70a27923) Importer(2089858483,0ecaa5967403d082aa24f35e1b516d23) [PhysX] Initialized MultithreadedTaskDispatcher with 24 workers.
 -> (artifact id: 'fbc3d35661a37ebf98ba4bbb90ba105c') in 0.002724 seconds
Number of updated asset objects reloaded before import = 0
Number of asset objects unloaded after import = 0
========================================================================
Received Import Request.
  Time since last request: 0.000056 seconds.
  path: Assets/Brackeys/2D Mega Pack/Effects/Fireball.png
  artifactKey: Guid(5ff9fd1dfa3921644a587a08e82b9e1c) Importer(2089858483,0ecaa5967403d082aa24f35e1b516d23)
Start importing Assets/Brackeys/2D Mega Pack/Effects/Fireball.png using Guid(5ff9fd1dfa3921644a587a08e82b9e1c) Importer(2089858483,0ecaa5967403d082aa24f35e1b516d23) [PhysX] Initialized MultithreadedTaskDispatcher with 24 workers.
 -> (artifact id: '45de20c801541bab3b077563b192582f') in 0.009768 seconds
Number of updated asset objects reloaded before import = 0
Number of asset objects unloaded after import = 4
========================================================================
Received Import Request.
  Time since last request: 0.000016 seconds.
  path: Assets/Brackeys/2D Mega Pack/Characters/Miner.png
  artifactKey: Guid(774fe8dccef69a44d9179e4529aea50c) Importer(2089858483,0ecaa5967403d082aa24f35e1b516d23)
Start importing Assets/Brackeys/2D Mega Pack/Characters/Miner.png using Guid(774fe8dccef69a44d9179e4529aea50c) Importer(2089858483,0ecaa5967403d082aa24f35e1b516d23) [PhysX] Initialized MultithreadedTaskDispatcher with 24 workers.
 -> (artifact id: '29d0746e2b0775129ad7d70a1e8fda61') in 0.010516 seconds
Number of updated asset objects reloaded before import = 0
Number of asset objects unloaded after import = 3
========================================================================
Received Import Request.
  Time since last request: 0.000024 seconds.
  path: Assets/Brackeys/2D Mega Pack/Environment/Mountains&Platforms.png
  artifactKey: Guid(87b209f140a1f3c408061c67de42043c) Importer(2089858483,0ecaa5967403d082aa24f35e1b516d23)
Start importing Assets/Brackeys/2D Mega Pack/Environment/Mountains&Platforms.png using Guid(87b209f140a1f3c408061c67de42043c) Importer(2089858483,0ecaa5967403d082aa24f35e1b516d23) [PhysX] Initialized MultithreadedTaskDispatcher with 24 workers.
 -> (artifact id: 'c3c48681f53f3530aa9a01b97474aca4') in 0.034031 seconds
Number of updated asset objects reloaded before import = 0
Number of asset objects unloaded after import = 10
========================================================================
Received Import Request.
  Time since last request: 0.000017 seconds.
  path: Assets/TextMesh Pro/Sprites/EmojiOne.png
  artifactKey: Guid(dffef66376be4fa480fb02b19edbe903) Importer(2089858483,0ecaa5967403d082aa24f35e1b516d23)
Start importing Assets/TextMesh Pro/Sprites/EmojiOne.png using Guid(dffef66376be4fa480fb02b19edbe903) Importer(2089858483,0ecaa5967403d082aa24f35e1b516d23) [PhysX] Initialized MultithreadedTaskDispatcher with 24 workers.
 -> (artifact id: 'a8f09369e6e82d83d50e6ffc8320d437') in 0.009084 seconds
Number of updated asset objects reloaded before import = 0
Number of asset objects unloaded after import = 1
========================================================================
Received Import Request.
  Time since last request: 0.000013 seconds.
  path: Assets/TextMesh Pro/Shaders/TMP_Bitmap-Custom-Atlas.shader
  artifactKey: Guid(48bb5f55d8670e349b6e614913f9d910) Importer(2089858483,0ecaa5967403d082aa24f35e1b516d23)
Start importing Assets/TextMesh Pro/Shaders/TMP_Bitmap-Custom-Atlas.shader using Guid(48bb5f55d8670e349b6e614913f9d910) Importer(2089858483,0ecaa5967403d082aa24f35e1b516d23) [PhysX] Initialized MultithreadedTaskDispatcher with 24 workers.
 -> (artifact id: '5c38aead4acdd0426da134816b743263') in 0.009136 seconds
Number of updated asset objects reloaded before import = 0
Number of asset objects unloaded after import = 1
========================================================================
Received Import Request.
  Time since last request: 0.000017 seconds.
  path: Assets/Cainos/Pixel Art Top Down - Basic/Patch - URP 2D Lit - Unity 6.unitypackage
  artifactKey: Guid(cf07105ae3978464cb03bb2036eca5f7) Importer(2089858483,0ecaa5967403d082aa24f35e1b516d23)
Start importing Assets/Cainos/Pixel Art Top Down - Basic/Patch - URP 2D Lit - Unity 6.unitypackage using Guid(cf07105ae3978464cb03bb2036eca5f7) Importer(2089858483,0ecaa5967403d082aa24f35e1b516d23) [PhysX] Initialized MultithreadedTaskDispatcher with 24 workers.
 -> (artifact id: '9447a1d5dc788e4c78e5d8bba5752933') in 0.003363 seconds
Number of updated asset objects reloaded before import = 0
Number of asset objects unloaded after import = 1
========================================================================
Received Import Request.
  Time since last request: 0.000034 seconds.
  path: Assets/Brackeys/2D Mega Pack/-- Example Photos --/Stick Figure Example.png
  artifactKey: Guid(53957bfc90a783f4690ebf0afa8a713b) Importer(2089858483,0ecaa5967403d082aa24f35e1b516d23)
Start importing Assets/Brackeys/2D Mega Pack/-- Example Photos --/Stick Figure Example.png using Guid(53957bfc90a783f4690ebf0afa8a713b) Importer(2089858483,0ecaa5967403d082aa24f35e1b516d23) [PhysX] Initialized MultithreadedTaskDispatcher with 24 workers.
 -> (artifact id: 'af5348c5a5e65d37f1b02564fe98ed3e') in 0.018415 seconds
Number of updated asset objects reloaded before import = 0
Number of asset objects unloaded after import = 3
========================================================================
Received Import Request.
  Time since last request: 0.000018 seconds.
  path: Assets/Brackeys/2D Mega Pack/Effects/Muzzleflash1.png
  artifactKey: Guid(537061d6ab4addf439f918145d65123e) Importer(2089858483,0ecaa5967403d082aa24f35e1b516d23)
Start importing Assets/Brackeys/2D Mega Pack/Effects/Muzzleflash1.png using Guid(537061d6ab4addf439f918145d65123e) Importer(2089858483,0ecaa5967403d082aa24f35e1b516d23) [PhysX] Initialized MultithreadedTaskDispatcher with 24 workers.
 -> (artifact id: 'a59c478d9ab2d669d327d731400d9893') in 0.011940 seconds
Number of updated asset objects reloaded before import = 0
Number of asset objects unloaded after import = 3
========================================================================
Received Import Request.
  Time since last request: 0.000053 seconds.
  path: Assets/Cainos/Pixel Art Top Down - Basic/Documentation.url
  artifactKey: Guid(c0191dca282a02e4fbbe5e1df3e6b0c9) Importer(2089858483,0ecaa5967403d082aa24f35e1b516d23)
Start importing Assets/Cainos/Pixel Art Top Down - Basic/Documentation.url using Guid(c0191dca282a02e4fbbe5e1df3e6b0c9) Importer(2089858483,0ecaa5967403d082aa24f35e1b516d23) [PhysX] Initialized MultithreadedTaskDispatcher with 24 workers.
 -> (artifact id: '97244b99a84c5feafbb44d9432de03df') in 0.003253 seconds
Number of updated asset objects reloaded before import = 0
Number of asset objects unloaded after import = 1
========================================================================
Received Import Request.
  Time since last request: 0.000035 seconds.
  path: Assets/Brackeys/2D Mega Pack/Backgrounds/FieldBackground.png
  artifactKey: Guid(816d352463058f7488a74e1e59af50f1) Importer(2089858483,0ecaa5967403d082aa24f35e1b516d23)
Start importing Assets/Brackeys/2D Mega Pack/Backgrounds/FieldBackground.png using Guid(816d352463058f7488a74e1e59af50f1) Importer(2089858483,0ecaa5967403d082aa24f35e1b516d23) [PhysX] Initialized MultithreadedTaskDispatcher with 24 workers.
 -> (artifact id: 'ead4cc10dd114ca9c4afd2c6621e3f30') in 0.008223 seconds
Number of updated asset objects reloaded before import = 0
Number of asset objects unloaded after import = 3
========================================================================
Received Import Request.
  Time since last request: 0.000018 seconds.
  path: Assets/Brackeys/2D Mega Pack/Backgrounds/GreenBackground.png
  artifactKey: Guid(79dfa877bf28eca4e9f85bd1cadf6202) Importer(2089858483,0ecaa5967403d082aa24f35e1b516d23)
Start importing Assets/Brackeys/2D Mega Pack/Backgrounds/GreenBackground.png using Guid(79dfa877bf28eca4e9f85bd1cadf6202) Importer(2089858483,0ecaa5967403d082aa24f35e1b516d23) [PhysX] Initialized MultithreadedTaskDispatcher with 24 workers.
 -> (artifact id: '8897fde016edf5dadc8a42f3d3ef5a2e') in 0.009871 seconds
Number of updated asset objects reloaded before import = 0
Number of asset objects unloaded after import = 3
========================================================================
Received Import Request.
  Time since last request: 0.000012 seconds.
  path: Assets/Brackeys/2D Mega Pack/Characters/PongPlayer.png
  artifactKey: Guid(3f5d8b39358f65040ade5d7096bc8085) Importer(2089858483,0ecaa5967403d082aa24f35e1b516d23)
Start importing Assets/Brackeys/2D Mega Pack/Characters/PongPlayer.png using Guid(3f5d8b39358f65040ade5d7096bc8085) Importer(2089858483,0ecaa5967403d082aa24f35e1b516d23) [PhysX] Initialized MultithreadedTaskDispatcher with 24 workers.
 -> (artifact id: '57dd7f623e31ec445c4776d673f4a685') in 0.013534 seconds
Number of updated asset objects reloaded before import = 0
Number of asset objects unloaded after import = 3
========================================================================
Received Import Request.
  Time since last request: 0.000017 seconds.
  path: Assets/Brackeys/2D Mega Pack/Platforms/Platform_Vertical_Blue.png
  artifactKey: Guid(6d86e7e8a8b8f4a4ea3a10d9dee509b0) Importer(2089858483,0ecaa5967403d082aa24f35e1b516d23)
Start importing Assets/Brackeys/2D Mega Pack/Platforms/Platform_Vertical_Blue.png using Guid(6d86e7e8a8b8f4a4ea3a10d9dee509b0) Importer(2089858483,0ecaa5967403d082aa24f35e1b516d23) [PhysX] Initialized MultithreadedTaskDispatcher with 24 workers.
 -> (artifact id: 'f7aa85320dc28b14837d1d56b3a5d134') in 0.010146 seconds
Number of updated asset objects reloaded before import = 0
Number of asset objects unloaded after import = 3
========================================================================
Received Import Request.
  Time since last request: 0.000014 seconds.
  path: Assets/TextMesh Pro/Shaders/TMP_SDF-Mobile Masking.shader
  artifactKey: Guid(bc1ede39bf3643ee8e493720e4259791) Importer(2089858483,0ecaa5967403d082aa24f35e1b516d23)
Start importing Assets/TextMesh Pro/Shaders/TMP_SDF-Mobile Masking.shader using Guid(bc1ede39bf3643ee8e493720e4259791) Importer(2089858483,0ecaa5967403d082aa24f35e1b516d23) [PhysX] Initialized MultithreadedTaskDispatcher with 24 workers.
 -> (artifact id: '90668417aef74710cd3e17e88680ff0f') in 0.004070 seconds
Number of updated asset objects reloaded before import = 0
Number of asset objects unloaded after import = 1
========================================================================
Received Import Request.
  Time since last request: 0.000015 seconds.
  path: Assets/Brackeys/2D Mega Pack/Enemies/Canon.png
  artifactKey: Guid(8bfadec067237c04ab16144f6847e733) Importer(2089858483,0ecaa5967403d082aa24f35e1b516d23)
Start importing Assets/Brackeys/2D Mega Pack/Enemies/Canon.png using Guid(8bfadec067237c04ab16144f6847e733) Importer(2089858483,0ecaa5967403d082aa24f35e1b516d23) [PhysX] Initialized MultithreadedTaskDispatcher with 24 workers.
 -> (artifact id: '48831a20a7729f1974df6897cdd3e694') in 0.011045 seconds
Number of updated asset objects reloaded before import = 0
Number of asset objects unloaded after import = 3
========================================================================
Received Import Request.
  Time since last request: 0.000016 seconds.
  path: Assets/Brackeys/2D Mega Pack/Backgrounds/DustyBackground.png
  artifactKey: Guid(921dcff1d0da9eb409b4b461084190e2) Importer(2089858483,0ecaa5967403d082aa24f35e1b516d23)
Start importing Assets/Brackeys/2D Mega Pack/Backgrounds/DustyBackground.png using Guid(921dcff1d0da9eb409b4b461084190e2) Importer(2089858483,0ecaa5967403d082aa24f35e1b516d23) [PhysX] Initialized MultithreadedTaskDispatcher with 24 workers.
 -> (artifact id: '0e9419bc1d30bf1cc9c13a2d077c8977') in 0.009056 seconds
Number of updated asset objects reloaded before import = 0
Number of asset objects unloaded after import = 3
========================================================================
Received Import Request.
  Time since last request: 0.000019 seconds.
  path: Assets/Settings/Renderer2D.asset
  artifactKey: Guid(424799608f7334c24bf367e4bbfa7f9a) Importer(2089858483,0ecaa5967403d082aa24f35e1b516d23)
Start importing Assets/Settings/Renderer2D.asset using Guid(424799608f7334c24bf367e4bbfa7f9a) Importer(2089858483,0ecaa5967403d082aa24f35e1b516d23) [PhysX] Initialized MultithreadedTaskDispatcher with 24 workers.
 -> (artifact id: 'bd8d6c596a2b4555117742e2f563e58e') in 0.070357 seconds
Number of updated asset objects reloaded before import = 0
Number of asset objects unloaded after import = 50
========================================================================
Received Import Request.
  Time since last request: 0.000020 seconds.
  path: Assets/TextMesh Pro/Shaders/TMP_SDF-Mobile.shader
  artifactKey: Guid(fe393ace9b354375a9cb14cdbbc28be4) Importer(2089858483,0ecaa5967403d082aa24f35e1b516d23)
Start importing Assets/TextMesh Pro/Shaders/TMP_SDF-Mobile.shader using Guid(fe393ace9b354375a9cb14cdbbc28be4) Importer(2089858483,0ecaa5967403d082aa24f35e1b516d23) [PhysX] Initialized MultithreadedTaskDispatcher with 24 workers.
 -> (artifact id: '582f8d8b6cea157352905c883a21bbd1') in 0.005530 seconds
Number of updated asset objects reloaded before import = 0
Number of asset objects unloaded after import = 1
========================================================================
Received Import Request.
  Time since last request: 0.000063 seconds.
  path: Assets/Brackeys/2D Mega Pack/Backgrounds/ArcadeGreyBackground.png
  artifactKey: Guid(730c911464148054487bb3efd7ef0d07) Importer(2089858483,0ecaa5967403d082aa24f35e1b516d23)
Start importing Assets/Brackeys/2D Mega Pack/Backgrounds/ArcadeGreyBackground.png using Guid(730c911464148054487bb3efd7ef0d07) Importer(2089858483,0ecaa5967403d082aa24f35e1b516d23) [PhysX] Initialized MultithreadedTaskDispatcher with 24 workers.
 -> (artifact id: '5f87bf7dd1cd371d2fdbb1228501bcaf') in 0.013002 seconds
Number of updated asset objects reloaded before import = 0
Number of asset objects unloaded after import = 3
========================================================================
Received Import Request.
  Time since last request: 0.000024 seconds.
  path: Assets/TextMesh Pro/Resources/TMP Settings.asset
  artifactKey: Guid(3f5b5dff67a942289a9defa416b206f3) Importer(2089858483,0ecaa5967403d082aa24f35e1b516d23)
Start importing Assets/TextMesh Pro/Resources/TMP Settings.asset using Guid(3f5b5dff67a942289a9defa416b206f3) Importer(2089858483,0ecaa5967403d082aa24f35e1b516d23) [PhysX] Initialized MultithreadedTaskDispatcher with 24 workers.
 -> (artifact id: '5bdb79857c52dc4d01781d39f6fe6973') in 0.037072 seconds
Number of updated asset objects reloaded before import = 0
Number of asset objects unloaded after import = 15
========================================================================
Received Import Request.
  Time since last request: 0.000028 seconds.
  path: Assets/TextMesh Pro/Shaders/TMP_SDF SSD.shader
  artifactKey: Guid(14eb328de4b8eb245bb7cea29e4ac00b) Importer(2089858483,0ecaa5967403d082aa24f35e1b516d23)
Start importing Assets/TextMesh Pro/Shaders/TMP_SDF SSD.shader using Guid(14eb328de4b8eb245bb7cea29e4ac00b) Importer(2089858483,0ecaa5967403d082aa24f35e1b516d23) [PhysX] Initialized MultithreadedTaskDispatcher with 24 workers.
 -> (artifact id: '043c568a6494bccd2a126f6cfd5681ab') in 0.004539 seconds
Number of updated asset objects reloaded before import = 0
Number of asset objects unloaded after import = 1
========================================================================
Received Import Request.
  Time since last request: 0.000015 seconds.
  path: Assets/Settings/UniversalRP.asset
  artifactKey: Guid(681886c5eb7344803b6206f758bf0b1c) Importer(2089858483,0ecaa5967403d082aa24f35e1b516d23)
Start importing Assets/Settings/UniversalRP.asset using Guid(681886c5eb7344803b6206f758bf0b1c) Importer(2089858483,0ecaa5967403d082aa24f35e1b516d23) [PhysX] Initialized MultithreadedTaskDispatcher with 24 workers.
 -> (artifact id: 'e762f8152708789216d6990cae695b27') in 0.039438 seconds
Number of updated asset objects reloaded before import = 0
Number of asset objects unloaded after import = 53
========================================================================
Received Import Request.
  Time since last request: 0.000023 seconds.
  path: Assets/Brackeys/2D Mega Pack/Weapons & Tools/Sword.png
  artifactKey: Guid(b2f3327f47464544293b6b9018e1296e) Importer(2089858483,0ecaa5967403d082aa24f35e1b516d23)
Start importing Assets/Brackeys/2D Mega Pack/Weapons & Tools/Sword.png using Guid(b2f3327f47464544293b6b9018e1296e) Importer(2089858483,0ecaa5967403d082aa24f35e1b516d23) [PhysX] Initialized MultithreadedTaskDispatcher with 24 workers.
 -> (artifact id: 'f546050bd8828690ce2d40479a7a1c64') in 0.010384 seconds
Number of updated asset objects reloaded before import = 0
Number of asset objects unloaded after import = 3
========================================================================
Received Import Request.
  Time since last request: 0.000014 seconds.
  path: Assets/Brackeys/2D Mega Pack/Weapons & Tools/FishingRod.png
  artifactKey: Guid(1959adfdc5c338840858eec9307f0184) Importer(2089858483,0ecaa5967403d082aa24f35e1b516d23)
Start importing Assets/Brackeys/2D Mega Pack/Weapons & Tools/FishingRod.png using Guid(1959adfdc5c338840858eec9307f0184) Importer(2089858483,0ecaa5967403d082aa24f35e1b516d23) [PhysX] Initialized MultithreadedTaskDispatcher with 24 workers.
 -> (artifact id: '38d660c1132c10e6e8dbb5fa1b706cac') in 0.008622 seconds
Number of updated asset objects reloaded before import = 0
Number of asset objects unloaded after import = 3
========================================================================
Received Import Request.
  Time since last request: 0.000016 seconds.
  path: Assets/Brackeys/2D Mega Pack/Sounds/ButtonHover.wav
  artifactKey: Guid(e7992d172691ce147bde04a9ea103f2c) Importer(2089858483,0ecaa5967403d082aa24f35e1b516d23)
Start importing Assets/Brackeys/2D Mega Pack/Sounds/ButtonHover.wav using Guid(e7992d172691ce147bde04a9ea103f2c) Importer(2089858483,0ecaa5967403d082aa24f35e1b516d23) [PhysX] Initialized MultithreadedTaskDispatcher with 24 workers.
 -> (artifact id: '26c51e46c9b99d6d42a57e961f2e9a12') in 0.033468 seconds
Number of updated asset objects reloaded before import = 0
Number of asset objects unloaded after import = 1
========================================================================
Received Import Request.
  Time since last request: 0.000020 seconds.
  path: Assets/Brackeys/2D Mega Pack/Weapons & Tools/Spear.png
  artifactKey: Guid(bf28d1ab5e5c42e4aa2c9b729c09fce3) Importer(2089858483,0ecaa5967403d082aa24f35e1b516d23)
Start importing Assets/Brackeys/2D Mega Pack/Weapons & Tools/Spear.png using Guid(bf28d1ab5e5c42e4aa2c9b729c09fce3) Importer(2089858483,0ecaa5967403d082aa24f35e1b516d23) [PhysX] Initialized MultithreadedTaskDispatcher with 24 workers.
 -> (artifact id: '93dae8ca44e3a0a09a11524e099e70e3') in 0.009407 seconds
Number of updated asset objects reloaded before import = 0
Number of asset objects unloaded after import = 3
========================================================================
Received Import Request.
  Time since last request: 0.000021 seconds.
  path: Assets/Brackeys/2D Mega Pack/Shapes/X.png
  artifactKey: Guid(b077818db7df77e4db729d473295e99e) Importer(2089858483,0ecaa5967403d082aa24f35e1b516d23)
Start importing Assets/Brackeys/2D Mega Pack/Shapes/X.png using Guid(b077818db7df77e4db729d473295e99e) Importer(2089858483,0ecaa5967403d082aa24f35e1b516d23) [PhysX] Initialized MultithreadedTaskDispatcher with 24 workers.
 -> (artifact id: '26449171d382a631f76084b0f1b123f9') in 0.012494 seconds
Number of updated asset objects reloaded before import = 0
Number of asset objects unloaded after import = 3
========================================================================
Received Import Request.
  Time since last request: 0.000021 seconds.
  path: Assets/Brackeys/2D Mega Pack/Sounds/RespawnCountdown.wav
  artifactKey: Guid(33469e3f01006ba44bdcfb56b0e3e0b3) Importer(2089858483,0ecaa5967403d082aa24f35e1b516d23)
Start importing Assets/Brackeys/2D Mega Pack/Sounds/RespawnCountdown.wav using Guid(33469e3f01006ba44bdcfb56b0e3e0b3) Importer(2089858483,0ecaa5967403d082aa24f35e1b516d23) [PhysX] Initialized MultithreadedTaskDispatcher with 24 workers.
 -> (artifact id: '25fd693fe6c86d4913002d55dcdd0c74') in 0.035594 seconds
Number of updated asset objects reloaded before import = 0
Number of asset objects unloaded after import = 1
========================================================================
Received Import Request.
  Time since last request: 0.000017 seconds.
  path: Assets/Brackeys/2D Mega Pack/Sounds/GruntVoice01.wav
  artifactKey: Guid(558f9f56f603a954b8d45e17e89341d9) Importer(2089858483,0ecaa5967403d082aa24f35e1b516d23)
Start importing Assets/Brackeys/2D Mega Pack/Sounds/GruntVoice01.wav using Guid(558f9f56f603a954b8d45e17e89341d9) Importer(2089858483,0ecaa5967403d082aa24f35e1b516d23) [PhysX] Initialized MultithreadedTaskDispatcher with 24 workers.
 -> (artifact id: '05e6f8ed6f04c87e5650152d48428fce') in 0.040778 seconds
Number of updated asset objects reloaded before import = 0
Number of asset objects unloaded after import = 1
========================================================================
Received Import Request.
  Time since last request: 0.000015 seconds.
  path: Assets/Brackeys/2D Mega Pack/Platforms/Platform_Vertical_Wood.png
  artifactKey: Guid(7d84c9a0ef474dc42812bf290d722f7e) Importer(2089858483,0ecaa5967403d082aa24f35e1b516d23)
Start importing Assets/Brackeys/2D Mega Pack/Platforms/Platform_Vertical_Wood.png using Guid(7d84c9a0ef474dc42812bf290d722f7e) Importer(2089858483,0ecaa5967403d082aa24f35e1b516d23) [PhysX] Initialized MultithreadedTaskDispatcher with 24 workers.
 -> (artifact id: '807d4a9890e4905b98d2de846d742e2e') in 0.008759 seconds
Number of updated asset objects reloaded before import = 0
Number of asset objects unloaded after import = 3
========================================================================
Received Import Request.
  Time since last request: 0.000022 seconds.
  path: Assets/Brackeys/2D Mega Pack/Shapes/Square.png
  artifactKey: Guid(6858813d0f1f28b4cafee677b3e2e49b) Importer(2089858483,0ecaa5967403d082aa24f35e1b516d23)
Start importing Assets/Brackeys/2D Mega Pack/Shapes/Square.png using Guid(6858813d0f1f28b4cafee677b3e2e49b) Importer(2089858483,0ecaa5967403d082aa24f35e1b516d23) [PhysX] Initialized MultithreadedTaskDispatcher with 24 workers.
 -> (artifact id: 'e7357161daab17b086dd4625168fdc59') in 0.012755 seconds
Number of updated asset objects reloaded before import = 0
Number of asset objects unloaded after import = 3
========================================================================
Received Import Request.
  Time since last request: 0.000015 seconds.
  path: Assets/Brackeys/2D Mega Pack/Sounds/Spawn.wav
  artifactKey: Guid(c134bf6bd85561b4b938c913b97b57c9) Importer(2089858483,0ecaa5967403d082aa24f35e1b516d23)
Start importing Assets/Brackeys/2D Mega Pack/Sounds/Spawn.wav using Guid(c134bf6bd85561b4b938c913b97b57c9) Importer(2089858483,0ecaa5967403d082aa24f35e1b516d23) [PhysX] Initialized MultithreadedTaskDispatcher with 24 workers.
 -> (artifact id: 'f0751e46a1f5344e90fb9d82f6a73b8f') in 0.016718 seconds
Number of updated asset objects reloaded before import = 0
Number of asset objects unloaded after import = 1
========================================================================
Received Import Request.
  Time since last request: 0.000017 seconds.
  path: Assets/Brackeys/2D Mega Pack/Platforms/Platform_Vertical_Wood_Small.png
  artifactKey: Guid(8fa71125fb47e764db3eaad0cd306d09) Importer(2089858483,0ecaa5967403d082aa24f35e1b516d23)
Start importing Assets/Brackeys/2D Mega Pack/Platforms/Platform_Vertical_Wood_Small.png using Guid(8fa71125fb47e764db3eaad0cd306d09) Importer(2089858483,0ecaa5967403d082aa24f35e1b516d23) [PhysX] Initialized MultithreadedTaskDispatcher with 24 workers.
 -> (artifact id: '35128f82c290d35d27e620896668f783') in 0.011822 seconds
Number of updated asset objects reloaded before import = 0
Number of asset objects unloaded after import = 3
========================================================================
Received Import Request.
  Time since last request: 0.000018 seconds.
  path: Assets/Brackeys/2D Mega Pack/Sounds/Whoosh.wav
  artifactKey: Guid(2ebf2421dddc15a45b7fc6ae8197b1c0) Importer(2089858483,0ecaa5967403d082aa24f35e1b516d23)
Start importing Assets/Brackeys/2D Mega Pack/Sounds/Whoosh.wav using Guid(2ebf2421dddc15a45b7fc6ae8197b1c0) Importer(2089858483,0ecaa5967403d082aa24f35e1b516d23) [PhysX] Initialized MultithreadedTaskDispatcher with 24 workers.
 -> (artifact id: '280e61b0833235a233ad67c026c453d8') in 0.024933 seconds
Number of updated asset objects reloaded before import = 0
Number of asset objects unloaded after import = 1
========================================================================
Received Import Request.
  Time since last request: 0.000017 seconds.
  path: Assets/Brackeys/2D Mega Pack/Weapons & Tools/Plow.png
  artifactKey: Guid(72786b43084161c4c81e83eef0990e1a) Importer(2089858483,0ecaa5967403d082aa24f35e1b516d23)
Start importing Assets/Brackeys/2D Mega Pack/Weapons & Tools/Plow.png using Guid(72786b43084161c4c81e83eef0990e1a) Importer(2089858483,0ecaa5967403d082aa24f35e1b516d23) [PhysX] Initialized MultithreadedTaskDispatcher with 24 workers.
 -> (artifact id: '09d975f2d39df23848fa9575a122992b') in 0.009870 seconds
Number of updated asset objects reloaded before import = 0
Number of asset objects unloaded after import = 3
========================================================================
Received Import Request.
  Time since last request: 0.000016 seconds.
  path: Assets/Brackeys/2D Mega Pack/Platforms/Platform_Wood_Wide.png
  artifactKey: Guid(93aacd30e6870dc45a5dcafc2d1b3414) Importer(2089858483,0ecaa5967403d082aa24f35e1b516d23)
Start importing Assets/Brackeys/2D Mega Pack/Platforms/Platform_Wood_Wide.png using Guid(93aacd30e6870dc45a5dcafc2d1b3414) Importer(2089858483,0ecaa5967403d082aa24f35e1b516d23) [PhysX] Initialized MultithreadedTaskDispatcher with 24 workers.
 -> (artifact id: 'f834fff37e27c99e9a6ed8023f2402c4') in 0.009713 seconds
Number of updated asset objects reloaded before import = 0
Number of asset objects unloaded after import = 3
========================================================================
Received Import Request.
  Time since last request: 0.000019 seconds.
  path: Assets/Cainos/Pixel Art Top Down - Basic/Material/MT Shadow.mat
  artifactKey: Guid(6f3f1f0060a4d6a4980ea3283643fbdd) Importer(2089858483,0ecaa5967403d082aa24f35e1b516d23)
Start importing Assets/Cainos/Pixel Art Top Down - Basic/Material/MT Shadow.mat using Guid(6f3f1f0060a4d6a4980ea3283643fbdd) Importer(2089858483,0ecaa5967403d082aa24f35e1b516d23) [PhysX] Initialized MultithreadedTaskDispatcher with 24 workers.
 -> (artifact id: '32459b8b19888da0cf9290a69141c4ad') in 0.014888 seconds
Number of updated asset objects reloaded before import = 0
Number of asset objects unloaded after import = 1
========================================================================
Received Import Request.
  Time since last request: 0.000023 seconds.
  path: Assets/Brackeys/2D Mega Pack/Shapes/Triangle.png
  artifactKey: Guid(1853af91c4d184747801f42772136f14) Importer(2089858483,0ecaa5967403d082aa24f35e1b516d23)
Start importing Assets/Brackeys/2D Mega Pack/Shapes/Triangle.png using Guid(1853af91c4d184747801f42772136f14) Importer(2089858483,0ecaa5967403d082aa24f35e1b516d23) [PhysX] Initialized MultithreadedTaskDispatcher with 24 workers.
 -> (artifact id: '471f2c5032e657609b8327ad0e461be5') in 0.007648 seconds
Number of updated asset objects reloaded before import = 0
Number of asset objects unloaded after import = 3
========================================================================
Received Import Request.
  Time since last request: 0.000061 seconds.
  path: Assets/Cainos/Pixel Art Top Down - Basic/Script/CameraFollow.cs
  artifactKey: Guid(13d0e62721e731a47916713e45e4ef50) Importer(2089858483,0ecaa5967403d082aa24f35e1b516d23)
Start importing Assets/Cainos/Pixel Art Top Down - Basic/Script/CameraFollow.cs using Guid(13d0e62721e731a47916713e45e4ef50) Importer(2089858483,0ecaa5967403d082aa24f35e1b516d23) [PhysX] Initialized MultithreadedTaskDispatcher with 24 workers.
 -> (artifact id: '9dd8a22cb7f39adf4bf0e8c1fe8a0bf8') in 0.003791 seconds
Number of updated asset objects reloaded before import = 0
Number of asset objects unloaded after import = 1
========================================================================
Received Import Request.
  Time since last request: 0.000064 seconds.
  path: Assets/Cainos/Pixel Art Top Down - Basic/Animation/AM Player N.anim
  artifactKey: Guid(318841139f2ea6c468581225baff9a59) Importer(2089858483,0ecaa5967403d082aa24f35e1b516d23)
Start importing Assets/Cainos/Pixel Art Top Down - Basic/Animation/AM Player N.anim using Guid(318841139f2ea6c468581225baff9a59) Importer(2089858483,0ecaa5967403d082aa24f35e1b516d23) [PhysX] Initialized MultithreadedTaskDispatcher with 24 workers.
 -> (artifact id: '88e7afc1e85a6d3dda5ee96bc85b8020') in 0.009687 seconds
Number of updated asset objects reloaded before import = 0
Number of asset objects unloaded after import = 1
========================================================================
Received Import Request.
  Time since last request: 0.000016 seconds.
  path: Assets/Cainos/Pixel Art Top Down - Basic/Animation/AM Player E.anim
  artifactKey: Guid(9c9b80278bafb8846947b902bf348003) Importer(2089858483,0ecaa5967403d082aa24f35e1b516d23)
Start importing Assets/Cainos/Pixel Art Top Down - Basic/Animation/AM Player E.anim using Guid(9c9b80278bafb8846947b902bf348003) Importer(2089858483,0ecaa5967403d082aa24f35e1b516d23) [PhysX] Initialized MultithreadedTaskDispatcher with 24 workers.
 -> (artifact id: '9bf6a3f9dd84244f3a58bb0c6e228888') in 0.005817 seconds
Number of updated asset objects reloaded before import = 0
Number of asset objects unloaded after import = 1
========================================================================
Received Import Request.
  Time since last request: 0.000015 seconds.
  path: Assets/Brackeys/2D Mega Pack/Weapons & Tools/Staff.png
  artifactKey: Guid(3aa1cb26afcdc244bb3a95c193575ecb) Importer(2089858483,0ecaa5967403d082aa24f35e1b516d23)
Start importing Assets/Brackeys/2D Mega Pack/Weapons & Tools/Staff.png using Guid(3aa1cb26afcdc244bb3a95c193575ecb) Importer(2089858483,0ecaa5967403d082aa24f35e1b516d23) [PhysX] Initialized MultithreadedTaskDispatcher with 24 workers.
 -> (artifact id: '9dd03a7cd4082ecb8aa90d659b11cc16') in 0.008941 seconds
Number of updated asset objects reloaded before import = 0
Number of asset objects unloaded after import = 3
========================================================================
Received Import Request.
  Time since last request: 0.000017 seconds.
  path: Assets/Brackeys/2D Mega Pack/Shapes/Sugar.png
  artifactKey: Guid(162c961f79f03a7419bae8455ff18508) Importer(2089858483,0ecaa5967403d082aa24f35e1b516d23)
Start importing Assets/Brackeys/2D Mega Pack/Shapes/Sugar.png using Guid(162c961f79f03a7419bae8455ff18508) Importer(2089858483,0ecaa5967403d082aa24f35e1b516d23) [PhysX] Initialized MultithreadedTaskDispatcher with 24 workers.
 -> (artifact id: 'efa8c6eebfdcea14c583894ac4ed6510') in 0.010770 seconds
Number of updated asset objects reloaded before import = 0
Number of asset objects unloaded after import = 3
========================================================================
Received Import Request.
  Time since last request: 0.000017 seconds.
  path: Assets/Brackeys/2D Mega Pack/UI/Arrow.png
  artifactKey: Guid(09c0ffabe50dba2449423f828d63133a) Importer(2089858483,0ecaa5967403d082aa24f35e1b516d23)
Start importing Assets/Brackeys/2D Mega Pack/UI/Arrow.png using Guid(09c0ffabe50dba2449423f828d63133a) Importer(2089858483,0ecaa5967403d082aa24f35e1b516d23) [PhysX] Initialized MultithreadedTaskDispatcher with 24 workers.
 -> (artifact id: '4f5fff1f8bd4be4cca4edcd08b14774f') in 0.009791 seconds
Number of updated asset objects reloaded before import = 0
Number of asset objects unloaded after import = 3
========================================================================
Received Import Request.
  Time since last request: 0.000026 seconds.
  path: Assets/Brackeys/2D Mega Pack/Sounds/Bonus.wav
  artifactKey: Guid(5ab8fc664ca4d604f820e255005a664a) Importer(2089858483,0ecaa5967403d082aa24f35e1b516d23)
Start importing Assets/Brackeys/2D Mega Pack/Sounds/Bonus.wav using Guid(5ab8fc664ca4d604f820e255005a664a) Importer(2089858483,0ecaa5967403d082aa24f35e1b516d23) [PhysX] Initialized MultithreadedTaskDispatcher with 24 workers.
 -> (artifact id: '8569d7e860603e49fd4acec18fa6f85e') in 0.013198 seconds
Number of updated asset objects reloaded before import = 0
Number of asset objects unloaded after import = 1
========================================================================
Received Import Request.
  Time since last request: 0.000130 seconds.
  path: Assets/Brackeys/2D Mega Pack/Characters/Astronaut.png
  artifactKey: Guid(a0e7f1167efba544bb8d6e3198ae44f9) Importer(2089858483,0ecaa5967403d082aa24f35e1b516d23)
Start importing Assets/Brackeys/2D Mega Pack/Characters/Astronaut.png using Guid(a0e7f1167efba544bb8d6e3198ae44f9) Importer(2089858483,0ecaa5967403d082aa24f35e1b516d23) [PhysX] Initialized MultithreadedTaskDispatcher with 24 workers.
 -> (artifact id: '9ba44f54e94a8739a56f0f2841522a45') in 0.016640 seconds
Number of updated asset objects reloaded before import = 0
Number of asset objects unloaded after import = 13
========================================================================
Received Import Request.
  Time since last request: 0.000014 seconds.
  path: Assets/Brackeys/2D Mega Pack/Sounds/GameOver.wav
  artifactKey: Guid(832aa39d4fbe053428a67083bb091a1a) Importer(2089858483,0ecaa5967403d082aa24f35e1b516d23)
Start importing Assets/Brackeys/2D Mega Pack/Sounds/GameOver.wav using Guid(832aa39d4fbe053428a67083bb091a1a) Importer(2089858483,0ecaa5967403d082aa24f35e1b516d23) [PhysX] Initialized MultithreadedTaskDispatcher with 24 workers.
 -> (artifact id: '9c14b926cfc590313e4ce8e4a4b134b2') in 0.035520 seconds
Number of updated asset objects reloaded before import = 0
Number of asset objects unloaded after import = 1
========================================================================
Received Import Request.
  Time since last request: 0.000015 seconds.
  path: Assets/Brackeys/2D Mega Pack/Sounds/Shot.wav
  artifactKey: Guid(26e19616f6ba9f6469e9d3d6c38b23fe) Importer(2089858483,0ecaa5967403d082aa24f35e1b516d23)
Start importing Assets/Brackeys/2D Mega Pack/Sounds/Shot.wav using Guid(26e19616f6ba9f6469e9d3d6c38b23fe) Importer(2089858483,0ecaa5967403d082aa24f35e1b516d23) [PhysX] Initialized MultithreadedTaskDispatcher with 24 workers.
 -> (artifact id: '9350b128e5d5ffa1f0cc8c697eebad67') in 0.034397 seconds
Number of updated asset objects reloaded before import = 0
Number of asset objects unloaded after import = 1
========================================================================
Received Import Request.
  Time since last request: 0.000018 seconds.
  path: Assets/Brackeys/2D Mega Pack/Weapons & Tools/Axe.png
  artifactKey: Guid(8708d80070522a043a1ab6a2b2775382) Importer(2089858483,0ecaa5967403d082aa24f35e1b516d23)
Start importing Assets/Brackeys/2D Mega Pack/Weapons & Tools/Axe.png using Guid(8708d80070522a043a1ab6a2b2775382) Importer(2089858483,0ecaa5967403d082aa24f35e1b516d23) [PhysX] Initialized MultithreadedTaskDispatcher with 24 workers.
 -> (artifact id: 'c5eace5d0e7cb7425a99c709f4806d93') in 0.008608 seconds
Number of updated asset objects reloaded before import = 0
Number of asset objects unloaded after import = 3
========================================================================
Received Import Request.
  Time since last request: 0.000015 seconds.
  path: Assets/Brackeys/2D Mega Pack/-- Example Photos --/Gothic Rogue-like Example.png
  artifactKey: Guid(7576666deaabf1445bc7f71d96a0162e) Importer(2089858483,0ecaa5967403d082aa24f35e1b516d23)
Start importing Assets/Brackeys/2D Mega Pack/-- Example Photos --/Gothic Rogue-like Example.png using Guid(7576666deaabf1445bc7f71d96a0162e) Importer(2089858483,0ecaa5967403d082aa24f35e1b516d23) [PhysX] Initialized MultithreadedTaskDispatcher with 24 workers.
 -> (artifact id: 'c46e59aece31ab3ae040bbe1a40b212a') in 0.016371 seconds
Number of updated asset objects reloaded before import = 0
Number of asset objects unloaded after import = 3
========================================================================
Received Import Request.
  Time since last request: 0.000020 seconds.
  path: Assets/Brackeys/2D Mega Pack/Environment/Gold Miner/Ground.png
  artifactKey: Guid(1c23752ab2123c948bcd42232b8bfd16) Importer(2089858483,0ecaa5967403d082aa24f35e1b516d23)
Start importing Assets/Brackeys/2D Mega Pack/Environment/Gold Miner/Ground.png using Guid(1c23752ab2123c948bcd42232b8bfd16) Importer(2089858483,0ecaa5967403d082aa24f35e1b516d23) [PhysX] Initialized MultithreadedTaskDispatcher with 24 workers.
 -> (artifact id: '3fb43e5e0c087537cd17957815227912') in 0.009838 seconds
Number of updated asset objects reloaded before import = 0
Number of asset objects unloaded after import = 3
========================================================================
Received Import Request.
  Time since last request: 0.000013 seconds.
  path: Assets/Cainos/Pixel Art Top Down - Basic/Texture/TX Shadow Plant.png
  artifactKey: Guid(8501e10b1eafde34586080ba342fdc0e) Importer(2089858483,0ecaa5967403d082aa24f35e1b516d23)
Start importing Assets/Cainos/Pixel Art Top Down - Basic/Texture/TX Shadow Plant.png using Guid(8501e10b1eafde34586080ba342fdc0e) Importer(2089858483,0ecaa5967403d082aa24f35e1b516d23) [PhysX] Initialized MultithreadedTaskDispatcher with 24 workers.
 -> (artifact id: '3312df108f2384f7f685898a09f7640b') in 0.019738 seconds
Number of updated asset objects reloaded before import = 0
Number of asset objects unloaded after import = 11
========================================================================
Received Import Request.
  Time since last request: 0.000807 seconds.
  path: Assets/Cainos/Pixel Art Top Down - Basic/Texture/TX Shadow.png
  artifactKey: Guid(ed7554aeefd5da44a9fe1ee9b93afe77) Importer(2089858483,0ecaa5967403d082aa24f35e1b516d23)
Start importing Assets/Cainos/Pixel Art Top Down - Basic/Texture/TX Shadow.png using Guid(ed7554aeefd5da44a9fe1ee9b93afe77) Importer(2089858483,0ecaa5967403d082aa24f35e1b516d23) [PhysX] Initialized MultithreadedTaskDispatcher with 24 workers.
 -> (artifact id: '34449dc431686fd1a71f0be7b2ceabf9') in 0.056963 seconds
Number of updated asset objects reloaded before import = 0
Number of asset objects unloaded after import = 45
========================================================================
Received Import Request.
  Time since last request: 0.000020 seconds.
  path: Assets/Brackeys/2D Mega Pack/Characters/Fantasy/DarkWizard.png
  artifactKey: Guid(31b17986fa5b13f4f9b7403589287a19) Importer(2089858483,0ecaa5967403d082aa24f35e1b516d23)
Start importing Assets/Brackeys/2D Mega Pack/Characters/Fantasy/DarkWizard.png using Guid(31b17986fa5b13f4f9b7403589287a19) Importer(2089858483,0ecaa5967403d082aa24f35e1b516d23) [PhysX] Initialized MultithreadedTaskDispatcher with 24 workers.
 -> (artifact id: 'f68fde67e5ed8905d45e8d7a7f43c938') in 0.009609 seconds
Number of updated asset objects reloaded before import = 0
Number of asset objects unloaded after import = 3
========================================================================
Received Import Request.
  Time since last request: 0.006234 seconds.
  path: Assets/Brackeys/2D Mega Pack/Environment/Farming/Dirt_Right.png
  artifactKey: Guid(aafb3849bd0e80a4e959432aa5cab520) Importer(2089858483,0ecaa5967403d082aa24f35e1b516d23)
Start importing Assets/Brackeys/2D Mega Pack/Environment/Farming/Dirt_Right.png using Guid(aafb3849bd0e80a4e959432aa5cab520) Importer(2089858483,0ecaa5967403d082aa24f35e1b516d23) [PhysX] Initialized MultithreadedTaskDispatcher with 24 workers.
 -> (artifact id: 'f01672e39234d6b87375c729b3f48215') in 0.010297 seconds
Number of updated asset objects reloaded before import = 0
Number of asset objects unloaded after import = 3
========================================================================
Received Import Request.
  Time since last request: 0.004977 seconds.
  path: Assets/Brackeys/2D Mega Pack/Enemies/Gothic/FireheadEnemy.png
  artifactKey: Guid(d0f0bb7b0aae47846a42f0be578f602f) Importer(2089858483,0ecaa5967403d082aa24f35e1b516d23)
Start importing Assets/Brackeys/2D Mega Pack/Enemies/Gothic/FireheadEnemy.png using Guid(d0f0bb7b0aae47846a42f0be578f602f) Importer(2089858483,0ecaa5967403d082aa24f35e1b516d23) [PhysX] Initialized MultithreadedTaskDispatcher with 24 workers.
 -> (artifact id: '81591a88e63f8e6edf582b66727425c0') in 0.012580 seconds
Number of updated asset objects reloaded before import = 0
Number of asset objects unloaded after import = 6
========================================================================
Received Import Request.
  Time since last request: 0.000014 seconds.
  path: Assets/Brackeys/2D Mega Pack/Environment/Arcade/Maze.png
  artifactKey: Guid(8204023f9e360fb46a513b0283f0fc80) Importer(2089858483,0ecaa5967403d082aa24f35e1b516d23)
Start importing Assets/Brackeys/2D Mega Pack/Environment/Arcade/Maze.png using Guid(8204023f9e360fb46a513b0283f0fc80) Importer(2089858483,0ecaa5967403d082aa24f35e1b516d23) [PhysX] Initialized MultithreadedTaskDispatcher with 24 workers.
 -> (artifact id: 'a5c8ac65fd95b1292851872cc8c20e61') in 0.010344 seconds
Number of updated asset objects reloaded before import = 0
Number of asset objects unloaded after import = 3
========================================================================
Received Import Request.
  Time since last request: 0.000017 seconds.
  path: Assets/Cainos/Pixel Art Top Down - Basic/Texture/TX Struct.png
  artifactKey: Guid(dda6bbdb704d84847b38f9eced72bf59) Importer(2089858483,0ecaa5967403d082aa24f35e1b516d23)
Start importing Assets/Cainos/Pixel Art Top Down - Basic/Texture/TX Struct.png using Guid(dda6bbdb704d84847b38f9eced72bf59) Importer(2089858483,0ecaa5967403d082aa24f35e1b516d23) [PhysX] Initialized MultithreadedTaskDispatcher with 24 workers.
 -> (artifact id: '7874807cebbb913f309cea0cea95daca') in 0.037692 seconds
Number of updated asset objects reloaded before import = 0
Number of asset objects unloaded after import = 32
========================================================================
Received Import Request.
  Time since last request: 0.000017 seconds.
  path: Assets/Brackeys/2D Mega Pack/Environment/Farming/Barrel.png
  artifactKey: Guid(550b6b4837f3a04499627c35f65670ca) Importer(2089858483,0ecaa5967403d082aa24f35e1b516d23)
Start importing Assets/Brackeys/2D Mega Pack/Environment/Farming/Barrel.png using Guid(550b6b4837f3a04499627c35f65670ca) Importer(2089858483,0ecaa5967403d082aa24f35e1b516d23) [PhysX] Initialized MultithreadedTaskDispatcher with 24 workers.
 -> (artifact id: 'bee73b441f25b1f7131baa2a10e68a28') in 0.009044 seconds
Number of updated asset objects reloaded before import = 0
Number of asset objects unloaded after import = 3
========================================================================
Received Import Request.
  Time since last request: 0.000014 seconds.
  path: Assets/Brackeys/2D Mega Pack/Environment/Farming/TrashCan.png
  artifactKey: Guid(5f29f64548d98f64893d01b0b4c02f3b) Importer(2089858483,0ecaa5967403d082aa24f35e1b516d23)
Start importing Assets/Brackeys/2D Mega Pack/Environment/Farming/TrashCan.png using Guid(5f29f64548d98f64893d01b0b4c02f3b) Importer(2089858483,0ecaa5967403d082aa24f35e1b516d23) [PhysX] Initialized MultithreadedTaskDispatcher with 24 workers.
 -> (artifact id: '2e27bbfd2bf4665658bd086e7056b973') in 0.011632 seconds
Number of updated asset objects reloaded before import = 0
Number of asset objects unloaded after import = 3
========================================================================
Received Import Request.
  Time since last request: 0.000015 seconds.
  path: Assets/Cainos/Pixel Art Top Down - Basic/Tile Palette/TP Stone Ground.prefab
  artifactKey: Guid(d4e83863d09313942bd8054738fe5a22) Importer(2089858483,0ecaa5967403d082aa24f35e1b516d23)
Start importing Assets/Cainos/Pixel Art Top Down - Basic/Tile Palette/TP Stone Ground.prefab using Guid(d4e83863d09313942bd8054738fe5a22) Importer(2089858483,0ecaa5967403d082aa24f35e1b516d23) [PhysX] Initialized MultithreadedTaskDispatcher with 24 workers.
 -> (artifact id: 'b8bbb4efdb9c2423ee7000342283a5f1') in 0.011492 seconds
Number of updated asset objects reloaded before import = 0
Number of asset objects unloaded after import = 10
========================================================================
Received Import Request.
  Time since last request: 0.000041 seconds.
  path: Assets/Brackeys/2D Mega Pack/Effects/Animation/Fireball.anim
  artifactKey: Guid(754052d84fc923a4890d1c7d734649da) Importer(2089858483,0ecaa5967403d082aa24f35e1b516d23)
Start importing Assets/Brackeys/2D Mega Pack/Effects/Animation/Fireball.anim using Guid(754052d84fc923a4890d1c7d734649da) Importer(2089858483,0ecaa5967403d082aa24f35e1b516d23) [PhysX] Initialized MultithreadedTaskDispatcher with 24 workers.
 -> (artifact id: '8597e069864a89b26fb26525d57fa476') in 0.004346 seconds
Number of updated asset objects reloaded before import = 0
Number of asset objects unloaded after import = 1
========================================================================
Received Import Request.
  Time since last request: 0.000015 seconds.
  path: Assets/Brackeys/2D Mega Pack/Characters/Fantasy/Troll.png
  artifactKey: Guid(07f23995d5720bd4d9cd266799cef6fb) Importer(2089858483,0ecaa5967403d082aa24f35e1b516d23)
Start importing Assets/Brackeys/2D Mega Pack/Characters/Fantasy/Troll.png using Guid(07f23995d5720bd4d9cd266799cef6fb) Importer(2089858483,0ecaa5967403d082aa24f35e1b516d23) [PhysX] Initialized MultithreadedTaskDispatcher with 24 workers.
 -> (artifact id: '5c46843eaebbd1e85b22634fb34ee85f') in 0.007837 seconds
Number of updated asset objects reloaded before import = 0
Number of asset objects unloaded after import = 3
========================================================================
Received Import Request.
  Time since last request: 0.000014 seconds.
  path: Assets/Brackeys/2D Mega Pack/Characters/Blob Players/BlobPlayer_Pink.png
  artifactKey: Guid(addd2af175d074643a3b1f29f6c23041) Importer(2089858483,0ecaa5967403d082aa24f35e1b516d23)
Start importing Assets/Brackeys/2D Mega Pack/Characters/Blob Players/BlobPlayer_Pink.png using Guid(addd2af175d074643a3b1f29f6c23041) Importer(2089858483,0ecaa5967403d082aa24f35e1b516d23) [PhysX] Initialized MultithreadedTaskDispatcher with 24 workers.
 -> (artifact id: 'f443a96a21871837f2f737392ce082c4') in 0.020953 seconds
Number of updated asset objects reloaded before import = 0
Number of asset objects unloaded after import = 12
========================================================================
Received Import Request.
  Time since last request: 0.000024 seconds.
  path: Assets/Brackeys/2D Mega Pack/Environment/Farming/Truck.png
  artifactKey: Guid(7865eec64b0c6d74b934553bdeec2b34) Importer(2089858483,0ecaa5967403d082aa24f35e1b516d23)
Start importing Assets/Brackeys/2D Mega Pack/Environment/Farming/Truck.png using Guid(7865eec64b0c6d74b934553bdeec2b34) Importer(2089858483,0ecaa5967403d082aa24f35e1b516d23) [PhysX] Initialized MultithreadedTaskDispatcher with 24 workers.
 -> (artifact id: 'f5d10b3ce82c71feb141f42e62a3bf19') in 0.009647 seconds
Number of updated asset objects reloaded before import = 0
Number of asset objects unloaded after import = 3
========================================================================
Received Import Request.
  Time since last request: 0.000028 seconds.
  path: Assets/Brackeys/2D Mega Pack/Enemies/Gothic/GothicEnemy02.png
  artifactKey: Guid(6978f24c2379e0d48ad8c2501e94d313) Importer(2089858483,0ecaa5967403d082aa24f35e1b516d23)
Start importing Assets/Brackeys/2D Mega Pack/Enemies/Gothic/GothicEnemy02.png using Guid(6978f24c2379e0d48ad8c2501e94d313) Importer(2089858483,0ecaa5967403d082aa24f35e1b516d23) [PhysX] Initialized MultithreadedTaskDispatcher with 24 workers.
 -> (artifact id: '2013b544622236522ede8b7013791e22') in 0.012471 seconds
Number of updated asset objects reloaded before import = 0
Number of asset objects unloaded after import = 6
========================================================================
Received Import Request.
  Time since last request: 0.000015 seconds.
  path: Assets/Brackeys/2D Mega Pack/Enemies/Insects/Beetle.png
  artifactKey: Guid(a50747b7090647445a1aa71f3aefd771) Importer(2089858483,0ecaa5967403d082aa24f35e1b516d23)
Start importing Assets/Brackeys/2D Mega Pack/Enemies/Insects/Beetle.png using Guid(a50747b7090647445a1aa71f3aefd771) Importer(2089858483,0ecaa5967403d082aa24f35e1b516d23) [PhysX] Initialized MultithreadedTaskDispatcher with 24 workers.
 -> (artifact id: '4f1f2849cc524df56f7bd774a2c2ee29') in 0.008616 seconds
Number of updated asset objects reloaded before import = 0
Number of asset objects unloaded after import = 5
========================================================================
Received Import Request.
  Time since last request: 0.000070 seconds.
  path: Assets/Brackeys/2D Mega Pack/Characters/Soldiers/Soldiers.png
  artifactKey: Guid(2164a1816f29acf45ad76327ffa671c7) Importer(2089858483,0ecaa5967403d082aa24f35e1b516d23)
Start importing Assets/Brackeys/2D Mega Pack/Characters/Soldiers/Soldiers.png using Guid(2164a1816f29acf45ad76327ffa671c7) Importer(2089858483,0ecaa5967403d082aa24f35e1b516d23) [PhysX] Initialized MultithreadedTaskDispatcher with 24 workers.
 -> (artifact id: '92d0af99f88730042dd2135894e07fa4') in 0.021914 seconds
Number of updated asset objects reloaded before import = 0
Number of asset objects unloaded after import = 15
========================================================================
Received Import Request.
  Time since last request: 0.000022 seconds.
  path: Assets/Cainos/Pixel Art Top Down - Basic/Texture/TX Tileset Grass.png
  artifactKey: Guid(1c9ed9d1200c29d4cbfd2071028c1cd5) Importer(2089858483,0ecaa5967403d082aa24f35e1b516d23)
Start importing Assets/Cainos/Pixel Art Top Down - Basic/Texture/TX Tileset Grass.png using Guid(1c9ed9d1200c29d4cbfd2071028c1cd5) Importer(2089858483,0ecaa5967403d082aa24f35e1b516d23) [PhysX] Initialized MultithreadedTaskDispatcher with 24 workers.
 -> (artifact id: '06b3da2a87fb9cff7f749546e5ebbbaf') in 0.077734 seconds
Number of updated asset objects reloaded before import = 0
Number of asset objects unloaded after import = 66
========================================================================
Received Import Request.
  Time since last request: 0.000019 seconds.
  path: Assets/TextMesh Pro/Resources/Fonts & Materials/LiberationSans SDF.asset
  artifactKey: Guid(8f586378b4e144a9851e7b34d9b748ee) Importer(2089858483,0ecaa5967403d082aa24f35e1b516d23)
Start importing Assets/TextMesh Pro/Resources/Fonts & Materials/LiberationSans SDF.asset using Guid(8f586378b4e144a9851e7b34d9b748ee) Importer(2089858483,0ecaa5967403d082aa24f35e1b516d23) [PhysX] Initialized MultithreadedTaskDispatcher with 24 workers.
 -> (artifact id: 'd39ef331f91b557bfc77d27a5cb25ab8') in 0.034177 seconds
Number of updated asset objects reloaded before import = 0
Number of asset objects unloaded after import = 8
========================================================================
Received Import Request.
  Time since last request: 0.000018 seconds.
  path: Assets/Brackeys/2D Mega Pack/Environment/Gothic/Pentagram_Activated.png
  artifactKey: Guid(45b96aab96433304a8dd459f35996197) Importer(2089858483,0ecaa5967403d082aa24f35e1b516d23)
Start importing Assets/Brackeys/2D Mega Pack/Environment/Gothic/Pentagram_Activated.png using Guid(45b96aab96433304a8dd459f35996197) Importer(2089858483,0ecaa5967403d082aa24f35e1b516d23) [PhysX] Initialized MultithreadedTaskDispatcher with 24 workers.
 -> (artifact id: '3b895b03b6fe97093974594f01bde545') in 0.012976 seconds
Number of updated asset objects reloaded before import = 0
Number of asset objects unloaded after import = 3
========================================================================
Received Import Request.
  Time since last request: 0.000020 seconds.
  path: Assets/Brackeys/2D Mega Pack/Food & Plants/Food/Noodles_Done.png
  artifactKey: Guid(67d91650448db8d4f8c2761c114467a6) Importer(2089858483,0ecaa5967403d082aa24f35e1b516d23)
Start importing Assets/Brackeys/2D Mega Pack/Food & Plants/Food/Noodles_Done.png using Guid(67d91650448db8d4f8c2761c114467a6) Importer(2089858483,0ecaa5967403d082aa24f35e1b516d23) [PhysX] Initialized MultithreadedTaskDispatcher with 24 workers.
 -> (artifact id: 'dbb0a82cc753695adfcf20089321c65d') in 0.009228 seconds
Number of updated asset objects reloaded before import = 0
Number of asset objects unloaded after import = 3
========================================================================
Received Import Request.
  Time since last request: 0.000022 seconds.
  path: Assets/Brackeys/2D Mega Pack/Food & Plants/Crops/Pumpkin_Done.png
  artifactKey: Guid(b398f31984f975d439ad74fd48570d89) Importer(2089858483,0ecaa5967403d082aa24f35e1b516d23)
Start importing Assets/Brackeys/2D Mega Pack/Food & Plants/Crops/Pumpkin_Done.png using Guid(b398f31984f975d439ad74fd48570d89) Importer(2089858483,0ecaa5967403d082aa24f35e1b516d23) [PhysX] Initialized MultithreadedTaskDispatcher with 24 workers.
 -> (artifact id: '012eeec5bcd22224054582bf86a22287') in 0.009097 seconds
Number of updated asset objects reloaded before import = 0
Number of asset objects unloaded after import = 3
========================================================================
Received Import Request.
  Time since last request: 0.000027 seconds.
  path: Assets/Brackeys/2D Mega Pack/Environment/Tiles/GroundTile.png
  artifactKey: Guid(6b558f4b6b6cf9447a39de0812a0a3cf) Importer(2089858483,0ecaa5967403d082aa24f35e1b516d23)
Start importing Assets/Brackeys/2D Mega Pack/Environment/Tiles/GroundTile.png using Guid(6b558f4b6b6cf9447a39de0812a0a3cf) Importer(2089858483,0ecaa5967403d082aa24f35e1b516d23) [PhysX] Initialized MultithreadedTaskDispatcher with 24 workers.
 -> (artifact id: '1f8c286ef6e64e08a44f5e1f6a59c0f2') in 0.012472 seconds
Number of updated asset objects reloaded before import = 0
Number of asset objects unloaded after import = 3
========================================================================
Received Import Request.
  Time since last request: 0.000017 seconds.
  path: Assets/Brackeys/2D Mega Pack/Food & Plants/Food/Noodles_Seed.png
  artifactKey: Guid(63b9870bbf2ba1a49a01245628db08dd) Importer(2089858483,0ecaa5967403d082aa24f35e1b516d23)
Start importing Assets/Brackeys/2D Mega Pack/Food & Plants/Food/Noodles_Seed.png using Guid(63b9870bbf2ba1a49a01245628db08dd) Importer(2089858483,0ecaa5967403d082aa24f35e1b516d23) [PhysX] Initialized MultithreadedTaskDispatcher with 24 workers.
 -> (artifact id: '6f247b381ec546710f67d5da88662d41') in 0.008734 seconds
Number of updated asset objects reloaded before import = 0
Number of asset objects unloaded after import = 3
========================================================================
Received Import Request.
  Time since last request: 0.000014 seconds.
  path: Assets/Brackeys/2D Mega Pack/Environment/Stick Figure-like/Tree02.png
  artifactKey: Guid(8ea677391b262534088109be38edb0f7) Importer(2089858483,0ecaa5967403d082aa24f35e1b516d23)
Start importing Assets/Brackeys/2D Mega Pack/Environment/Stick Figure-like/Tree02.png using Guid(8ea677391b262534088109be38edb0f7) Importer(2089858483,0ecaa5967403d082aa24f35e1b516d23) [PhysX] Initialized MultithreadedTaskDispatcher with 24 workers.
 -> (artifact id: '1cdea59c7ec6abe77346696599c2f0e4') in 0.008759 seconds
Number of updated asset objects reloaded before import = 0
Number of asset objects unloaded after import = 3
========================================================================
Received Import Request.
  Time since last request: 0.000014 seconds.
  path: Assets/Brackeys/2D Mega Pack/Food & Plants/Crops/Aubergine_Dead.png
  artifactKey: Guid(00f165b1254df1346b4653643b7997d9) Importer(2089858483,0ecaa5967403d082aa24f35e1b516d23)
Start importing Assets/Brackeys/2D Mega Pack/Food & Plants/Crops/Aubergine_Dead.png using Guid(00f165b1254df1346b4653643b7997d9) Importer(2089858483,0ecaa5967403d082aa24f35e1b516d23) [PhysX] Initialized MultithreadedTaskDispatcher with 24 workers.
 -> (artifact id: '01af2284612c33f6b8817d8ec7a07cf8') in 0.009956 seconds
Number of updated asset objects reloaded before import = 0
Number of asset objects unloaded after import = 3
========================================================================
Received Import Request.
  Time since last request: 0.000013 seconds.
  path: Assets/Brackeys/2D Mega Pack/Food & Plants/Crops/Aubergine_Done.png
  artifactKey: Guid(3757151fd001a864bb1f65f8f52f10e6) Importer(2089858483,0ecaa5967403d082aa24f35e1b516d23)
Start importing Assets/Brackeys/2D Mega Pack/Food & Plants/Crops/Aubergine_Done.png using Guid(3757151fd001a864bb1f65f8f52f10e6) Importer(2089858483,0ecaa5967403d082aa24f35e1b516d23) [PhysX] Initialized MultithreadedTaskDispatcher with 24 workers.
 -> (artifact id: '2a45c79da1010356652898b684cc0aff') in 0.008695 seconds
Number of updated asset objects reloaded before import = 0
Number of asset objects unloaded after import = 3
========================================================================
Received Import Request.
  Time since last request: 0.000018 seconds.
  path: Assets/Brackeys/2D Mega Pack/Food & Plants/Crops/Strawberries_Dead.png
  artifactKey: Guid(c5f12c5adb77b024cac679026c500fe4) Importer(2089858483,0ecaa5967403d082aa24f35e1b516d23)
Start importing Assets/Brackeys/2D Mega Pack/Food & Plants/Crops/Strawberries_Dead.png using Guid(c5f12c5adb77b024cac679026c500fe4) Importer(2089858483,0ecaa5967403d082aa24f35e1b516d23) [PhysX] Initialized MultithreadedTaskDispatcher with 24 workers.
 -> (artifact id: '8a7a086a772852843a86ada96a706896') in 0.011694 seconds
Number of updated asset objects reloaded before import = 0
Number of asset objects unloaded after import = 3
========================================================================
Received Import Request.
  Time since last request: 0.000015 seconds.
  path: Assets/Brackeys/2D Mega Pack/Environment/Grungy/ApartmentLevel.png
  artifactKey: Guid(21a9c4db5a8aeb24697f53ea4e898402) Importer(2089858483,0ecaa5967403d082aa24f35e1b516d23)
Start importing Assets/Brackeys/2D Mega Pack/Environment/Grungy/ApartmentLevel.png using Guid(21a9c4db5a8aeb24697f53ea4e898402) Importer(2089858483,0ecaa5967403d082aa24f35e1b516d23) [PhysX] Initialized MultithreadedTaskDispatcher with 24 workers.
 -> (artifact id: '853b41233f44c6b6eaeab19f531de239') in 0.009571 seconds
Number of updated asset objects reloaded before import = 0
Number of asset objects unloaded after import = 3
========================================================================
Received Import Request.
  Time since last request: 0.000015 seconds.
  path: Assets/Brackeys/2D Mega Pack/Food & Plants/Crops/Potatoes_Done.png
  artifactKey: Guid(3d9791791d28a9745b616ce8d8113662) Importer(2089858483,0ecaa5967403d082aa24f35e1b516d23)
Start importing Assets/Brackeys/2D Mega Pack/Food & Plants/Crops/Potatoes_Done.png using Guid(3d9791791d28a9745b616ce8d8113662) Importer(2089858483,0ecaa5967403d082aa24f35e1b516d23) [PhysX] Initialized MultithreadedTaskDispatcher with 24 workers.
 -> (artifact id: '115a09991cf4e9d1ef59e43667467a6e') in 0.010731 seconds
Number of updated asset objects reloaded before import = 0
Number of asset objects unloaded after import = 3
========================================================================
Received Import Request.
  Time since last request: 0.000014 seconds.
  path: Assets/Brackeys/2D Mega Pack/Food & Plants/Crops/Pumpkin_Dead.png
  artifactKey: Guid(157cb9b2c093a584fba187ec8d423718) Importer(2089858483,0ecaa5967403d082aa24f35e1b516d23)
Start importing Assets/Brackeys/2D Mega Pack/Food & Plants/Crops/Pumpkin_Dead.png using Guid(157cb9b2c093a584fba187ec8d423718) Importer(2089858483,0ecaa5967403d082aa24f35e1b516d23) [PhysX] Initialized MultithreadedTaskDispatcher with 24 workers.
 -> (artifact id: 'e1748cab802afcfc29c500ef86a28d65') in 0.011070 seconds
Number of updated asset objects reloaded before import = 0
Number of asset objects unloaded after import = 3
========================================================================
Received Import Request.
  Time since last request: 0.000014 seconds.
  path: Assets/Brackeys/2D Mega Pack/Food & Plants/Food/Hotwings_Dead.png
  artifactKey: Guid(4634d87584aafe546b622ae2f6e5b9ac) Importer(2089858483,0ecaa5967403d082aa24f35e1b516d23)
Start importing Assets/Brackeys/2D Mega Pack/Food & Plants/Food/Hotwings_Dead.png using Guid(4634d87584aafe546b622ae2f6e5b9ac) Importer(2089858483,0ecaa5967403d082aa24f35e1b516d23) [PhysX] Initialized MultithreadedTaskDispatcher with 24 workers.
 -> (artifact id: 'd1145eac15d3a746b883461045565308') in 0.013112 seconds
Number of updated asset objects reloaded before import = 0
Number of asset objects unloaded after import = 3
========================================================================
Received Import Request.
  Time since last request: 0.000016 seconds.
  path: Assets/Brackeys/2D Mega Pack/Food & Plants/Crops/Seed.png
  artifactKey: Guid(9b93b28672c3b5648a8e4701a14a1945) Importer(2089858483,0ecaa5967403d082aa24f35e1b516d23)
Start importing Assets/Brackeys/2D Mega Pack/Food & Plants/Crops/Seed.png using Guid(9b93b28672c3b5648a8e4701a14a1945) Importer(2089858483,0ecaa5967403d082aa24f35e1b516d23) [PhysX] Initialized MultithreadedTaskDispatcher with 24 workers.
 -> (artifact id: '0c7ccc0f2ada9843c9c931bd7f88859a') in 0.008630 seconds
Number of updated asset objects reloaded before import = 0
Number of asset objects unloaded after import = 3
========================================================================
Received Import Request.
  Time since last request: 0.000015 seconds.
  path: Assets/Brackeys/2D Mega Pack/Food & Plants/Food/Noodles_Dead.png
  artifactKey: Guid(1fc7d2784f39bca4e9158ea31427d79a) Importer(2089858483,0ecaa5967403d082aa24f35e1b516d23)
Start importing Assets/Brackeys/2D Mega Pack/Food & Plants/Food/Noodles_Dead.png using Guid(1fc7d2784f39bca4e9158ea31427d79a) Importer(2089858483,0ecaa5967403d082aa24f35e1b516d23) [PhysX] Initialized MultithreadedTaskDispatcher with 24 workers.
 -> (artifact id: '4388cb84e264cb2c766f99ed79059fc2') in 0.011566 seconds
Number of updated asset objects reloaded before import = 0
Number of asset objects unloaded after import = 3
========================================================================
Received Import Request.
  Time since last request: 0.000016 seconds.
  path: Assets/Brackeys/2D Mega Pack/Food & Plants/Crops/Aubergine_Seed.png
  artifactKey: Guid(3e219d5964d7ef1408da169b0cbdbcb6) Importer(2089858483,0ecaa5967403d082aa24f35e1b516d23)
Start importing Assets/Brackeys/2D Mega Pack/Food & Plants/Crops/Aubergine_Seed.png using Guid(3e219d5964d7ef1408da169b0cbdbcb6) Importer(2089858483,0ecaa5967403d082aa24f35e1b516d23) [PhysX] Initialized MultithreadedTaskDispatcher with 24 workers.
 -> (artifact id: '109159f1fcb185624ab12a686e86a439') in 0.007768 seconds
Number of updated asset objects reloaded before import = 0
Number of asset objects unloaded after import = 3
========================================================================
Received Import Request.
  Time since last request: 0.000017 seconds.
  path: Assets/Brackeys/2D Mega Pack/Environment/Stick Figure-like/Building.png
  artifactKey: Guid(2797cf66f22b3b848ae0e681796df89d) Importer(2089858483,0ecaa5967403d082aa24f35e1b516d23)
Start importing Assets/Brackeys/2D Mega Pack/Environment/Stick Figure-like/Building.png using Guid(2797cf66f22b3b848ae0e681796df89d) Importer(2089858483,0ecaa5967403d082aa24f35e1b516d23) [PhysX] Initialized MultithreadedTaskDispatcher with 24 workers.
 -> (artifact id: '418c0307f1e68107571733d5d18978a9') in 0.010630 seconds
Number of updated asset objects reloaded before import = 0
Number of asset objects unloaded after import = 3
========================================================================
Received Import Request.
  Time since last request: 0.000027 seconds.
  path: Assets/Brackeys/2D Mega Pack/Environment/Tiles/PlatformerTiles.png
  artifactKey: Guid(9d760526269e55b40898d45c96b2a15f) Importer(2089858483,0ecaa5967403d082aa24f35e1b516d23)
Start importing Assets/Brackeys/2D Mega Pack/Environment/Tiles/PlatformerTiles.png using Guid(9d760526269e55b40898d45c96b2a15f) Importer(2089858483,0ecaa5967403d082aa24f35e1b516d23) [PhysX] Initialized MultithreadedTaskDispatcher with 24 workers.
 -> (artifact id: 'b459bfb34a2999d384c0ed8583ae70c6') in 0.011553 seconds
Number of updated asset objects reloaded before import = 0
Number of asset objects unloaded after import = 5
========================================================================
Received Import Request.
  Time since last request: 0.000015 seconds.
  path: Assets/Brackeys/2D Mega Pack/Food & Plants/Crops/Strawberries_Seed.png
  artifactKey: Guid(0ab91e9d95a123540a91a4bdf095faf1) Importer(2089858483,0ecaa5967403d082aa24f35e1b516d23)
Start importing Assets/Brackeys/2D Mega Pack/Food & Plants/Crops/Strawberries_Seed.png using Guid(0ab91e9d95a123540a91a4bdf095faf1) Importer(2089858483,0ecaa5967403d082aa24f35e1b516d23) [PhysX] Initialized MultithreadedTaskDispatcher with 24 workers.
 -> (artifact id: '9354aee28d9c9e453f3cf2f5581026c7') in 0.010370 seconds
Number of updated asset objects reloaded before import = 0
Number of asset objects unloaded after import = 3
========================================================================
Received Import Request.
  Time since last request: 0.000015 seconds.
  path: Assets/Brackeys/2D Mega Pack/Environment/Farming/DirtRow.png
  artifactKey: Guid(58990ff17db16224eb6d25d150205554) Importer(2089858483,0ecaa5967403d082aa24f35e1b516d23)
Start importing Assets/Brackeys/2D Mega Pack/Environment/Farming/DirtRow.png using Guid(58990ff17db16224eb6d25d150205554) Importer(2089858483,0ecaa5967403d082aa24f35e1b516d23) [PhysX] Initialized MultithreadedTaskDispatcher with 24 workers.
 -> (artifact id: '77c3af64d8597ee0f71cda89cd4a7379') in 0.009937 seconds
Number of updated asset objects reloaded before import = 0
Number of asset objects unloaded after import = 3
========================================================================
Received Import Request.
  Time since last request: 0.000016 seconds.
  path: Assets/Brackeys/2D Mega Pack/Characters/Fantasy/Dragon.png
  artifactKey: Guid(4574f971d70a83c41ade6083ada1035a) Importer(2089858483,0ecaa5967403d082aa24f35e1b516d23)
Start importing Assets/Brackeys/2D Mega Pack/Characters/Fantasy/Dragon.png using Guid(4574f971d70a83c41ade6083ada1035a) Importer(2089858483,0ecaa5967403d082aa24f35e1b516d23) [PhysX] Initialized MultithreadedTaskDispatcher with 24 workers.
 -> (artifact id: '5bdf76332cc482e698ec8916b9c596b0') in 0.008986 seconds
Number of updated asset objects reloaded before import = 0
Number of asset objects unloaded after import = 3
========================================================================
Received Import Request.
  Time since last request: 0.000016 seconds.
  path: Assets/TextMesh Pro/Resources/Sprite Assets/EmojiOne.asset
  artifactKey: Guid(c41005c129ba4d66911b75229fd70b45) Importer(2089858483,0ecaa5967403d082aa24f35e1b516d23)
Start importing Assets/TextMesh Pro/Resources/Sprite Assets/EmojiOne.asset using Guid(c41005c129ba4d66911b75229fd70b45) Importer(2089858483,0ecaa5967403d082aa24f35e1b516d23) [PhysX] Initialized MultithreadedTaskDispatcher with 24 workers.
 -> (artifact id: 'c6ba58ee386d64e9ef0e99e28ae06af5') in 0.007285 seconds
Number of updated asset objects reloaded before import = 0
Number of asset objects unloaded after import = 3
========================================================================
Received Import Request.
  Time since last request: 0.000020 seconds.
  path: Assets/Brackeys/2D Mega Pack/Environment/Gothic/Door_NoGround.png
  artifactKey: Guid(b6afdeef3687315428a6482abfcd0ad7) Importer(2089858483,0ecaa5967403d082aa24f35e1b516d23)
Start importing Assets/Brackeys/2D Mega Pack/Environment/Gothic/Door_NoGround.png using Guid(b6afdeef3687315428a6482abfcd0ad7) Importer(2089858483,0ecaa5967403d082aa24f35e1b516d23) [PhysX] Initialized MultithreadedTaskDispatcher with 24 workers.
 -> (artifact id: 'ebd5eb661a4251875a4eb1db0cd450c3') in 0.007675 seconds
Number of updated asset objects reloaded before import = 0
Number of asset objects unloaded after import = 3
========================================================================
Received Import Request.
  Time since last request: 0.000016 seconds.
  path: Assets/Brackeys/2D Mega Pack/Environment/Gothic/Room.png
  artifactKey: Guid(e828e0801aee5b146b70092d30626199) Importer(2089858483,0ecaa5967403d082aa24f35e1b516d23)
Start importing Assets/Brackeys/2D Mega Pack/Environment/Gothic/Room.png using Guid(e828e0801aee5b146b70092d30626199) Importer(2089858483,0ecaa5967403d082aa24f35e1b516d23) [PhysX] Initialized MultithreadedTaskDispatcher with 24 workers.
 -> (artifact id: '149b279b5cf2956844b84c2e51dc0d39') in 0.010834 seconds
Number of updated asset objects reloaded before import = 0
Number of asset objects unloaded after import = 3
========================================================================
Received Import Request.
  Time since last request: 0.000016 seconds.
  path: Assets/Brackeys/2D Mega Pack/Backgrounds/DarkBackground.png
  artifactKey: Guid(50d72038d4682bd408a711176db21098) Importer(2089858483,0ecaa5967403d082aa24f35e1b516d23)
Start importing Assets/Brackeys/2D Mega Pack/Backgrounds/DarkBackground.png using Guid(50d72038d4682bd408a711176db21098) Importer(2089858483,0ecaa5967403d082aa24f35e1b516d23) [PhysX] Initialized MultithreadedTaskDispatcher with 24 workers.
 -> (artifact id: '8bc9019f946a6629eabca11bd35d2ce1') in 0.021641 seconds
Number of updated asset objects reloaded before import = 0
Number of asset objects unloaded after import = 3
========================================================================
Received Import Request.
  Time since last request: 0.000016 seconds.
  path: Assets/Cainos/Pixel Art Top Down - Basic/Animation/AM Player Idle.anim
  artifactKey: Guid(7c29c1735a3172c4f9b06cfaf4237e82) Importer(2089858483,0ecaa5967403d082aa24f35e1b516d23)
Start importing Assets/Cainos/Pixel Art Top Down - Basic/Animation/AM Player Idle.anim using Guid(7c29c1735a3172c4f9b06cfaf4237e82) Importer(2089858483,0ecaa5967403d082aa24f35e1b516d23) [PhysX] Initialized MultithreadedTaskDispatcher with 24 workers.
 -> (artifact id: '0343a8d44e36970f437d18455b3fcfae') in 0.003923 seconds
Number of updated asset objects reloaded before import = 0
Number of asset objects unloaded after import = 1
========================================================================
Received Import Request.
  Time since last request: 0.000018 seconds.
  path: Assets/Cainos/Pixel Art Top Down - Basic/Changelog.txt
  artifactKey: Guid(b2d0d368c29184a4380701a33c9e9c3d) Importer(2089858483,0ecaa5967403d082aa24f35e1b516d23)
Start importing Assets/Cainos/Pixel Art Top Down - Basic/Changelog.txt using Guid(b2d0d368c29184a4380701a33c9e9c3d) Importer(2089858483,0ecaa5967403d082aa24f35e1b516d23) [PhysX] Initialized MultithreadedTaskDispatcher with 24 workers.
 -> (artifact id: '08d8d49a85b9d5cfe14d3ec12b8c9474') in 0.003360 seconds
Number of updated asset objects reloaded before import = 0
Number of asset objects unloaded after import = 1
========================================================================
Received Import Request.
  Time since last request: 0.000193 seconds.
  path: Assets/Scenes/Vision-Cone.unity
  artifactKey: Guid(1a57ee1f4ea2cb641bda78128f7b6136) Importer(2089858483,0ecaa5967403d082aa24f35e1b516d23)
Start importing Assets/Scenes/Vision-Cone.unity using Guid(1a57ee1f4ea2cb641bda78128f7b6136) Importer(2089858483,0ecaa5967403d082aa24f35e1b516d23) [PhysX] Initialized MultithreadedTaskDispatcher with 24 workers.
 -> (artifact id: 'd4c5cd92b7bdf903300df11cf7b42f02') in 0.003356 seconds
Number of updated asset objects reloaded before import = 0
Number of asset objects unloaded after import = 1
========================================================================
Received Import Request.
  Time since last request: 0.000111 seconds.
  path: Assets/Brackeys/2D Mega Pack/-- Example Photos --/Gold Miner Example.png
  artifactKey: Guid(0eee6b3f41fb0134d80930957ef67fb6) Importer(2089858483,0ecaa5967403d082aa24f35e1b516d23)
Start importing Assets/Brackeys/2D Mega Pack/-- Example Photos --/Gold Miner Example.png using Guid(0eee6b3f41fb0134d80930957ef67fb6) Importer(2089858483,0ecaa5967403d082aa24f35e1b516d23) [PhysX] Initialized MultithreadedTaskDispatcher with 24 workers.
 -> (artifact id: '3255184c02f76f45c89bcbfdb16de413') in 0.017869 seconds
Number of updated asset objects reloaded before import = 0
Number of asset objects unloaded after import = 3
========================================================================
Received Import Request.
  Time since last request: 0.000017 seconds.
  path: Assets/Brackeys/2D Mega Pack/Backgrounds/SkyBackground.png
  artifactKey: Guid(bb7547187a9980a4694d9a520186d028) Importer(2089858483,0ecaa5967403d082aa24f35e1b516d23)
Start importing Assets/Brackeys/2D Mega Pack/Backgrounds/SkyBackground.png using Guid(bb7547187a9980a4694d9a520186d028) Importer(2089858483,0ecaa5967403d082aa24f35e1b516d23) [PhysX] Initialized MultithreadedTaskDispatcher with 24 workers.
 -> (artifact id: 'c31ad6b110a574fd7e7f4b7813d1e99a') in 0.012970 seconds
Number of updated asset objects reloaded before import = 0
Number of asset objects unloaded after import = 3
========================================================================
Received Import Request.
  Time since last request: 0.000066 seconds.
  path: Assets/Brackeys/2D Mega Pack/UI/Dialogue.png
  artifactKey: Guid(9b337a360b84fa9428fe7dbe7774012f) Importer(2089858483,0ecaa5967403d082aa24f35e1b516d23)
Start importing Assets/Brackeys/2D Mega Pack/UI/Dialogue.png using Guid(9b337a360b84fa9428fe7dbe7774012f) Importer(2089858483,0ecaa5967403d082aa24f35e1b516d23) [PhysX] Initialized MultithreadedTaskDispatcher with 24 workers.
 -> (artifact id: 'e30c235ee1195d872d9e390161956c7c') in 0.009744 seconds
Number of updated asset objects reloaded before import = 0
Number of asset objects unloaded after import = 3
========================================================================
Received Import Request.
  Time since last request: 0.000023 seconds.
  path: Assets/Brackeys/2D Mega Pack/Sounds/Explosion.wav
  artifactKey: Guid(d1698dd553af8ef4d887bc83b9687173) Importer(2089858483,0ecaa5967403d082aa24f35e1b516d23)
Start importing Assets/Brackeys/2D Mega Pack/Sounds/Explosion.wav using Guid(d1698dd553af8ef4d887bc83b9687173) Importer(2089858483,0ecaa5967403d082aa24f35e1b516d23) [PhysX] Initialized MultithreadedTaskDispatcher with 24 workers.
 -> (artifact id: '5ebaa292f2617e9d83a0fd7340e0430b') in 0.035163 seconds
Number of updated asset objects reloaded before import = 0
Number of asset objects unloaded after import = 1
========================================================================
Received Import Request.
  Time since last request: 0.000029 seconds.
  path: Assets/Brackeys/2D Mega Pack/Food & Plants/Vegetation/Grass1.png
  artifactKey: Guid(edc14a86877cec2468c4b68b83ce0875) Importer(2089858483,0ecaa5967403d082aa24f35e1b516d23)
Start importing Assets/Brackeys/2D Mega Pack/Food & Plants/Vegetation/Grass1.png using Guid(edc14a86877cec2468c4b68b83ce0875) Importer(2089858483,0ecaa5967403d082aa24f35e1b516d23) [PhysX] Initialized MultithreadedTaskDispatcher with 24 workers.
 -> (artifact id: 'cb9a0d6f8fdd5742749f92ac2e8561c5') in 0.009748 seconds
Number of updated asset objects reloaded before import = 0
Number of asset objects unloaded after import = 3
========================================================================
Received Import Request.
  Time since last request: 0.000015 seconds.
  path: Assets/Brackeys/2D Mega Pack/Items & Icons/Pixel Art/Castle.png
  artifactKey: Guid(29a3d0bd681dee74485f9168cef7e5ec) Importer(2089858483,0ecaa5967403d082aa24f35e1b516d23)
Start importing Assets/Brackeys/2D Mega Pack/Items & Icons/Pixel Art/Castle.png using Guid(29a3d0bd681dee74485f9168cef7e5ec) Importer(2089858483,0ecaa5967403d082aa24f35e1b516d23) [PhysX] Initialized MultithreadedTaskDispatcher with 24 workers.
 -> (artifact id: 'd5771fa4e911296055a74896e5d737c7') in 0.011929 seconds
Number of updated asset objects reloaded before import = 0
Number of asset objects unloaded after import = 3
========================================================================
Received Import Request.
  Time since last request: 0.000018 seconds.
  path: Assets/Brackeys/2D Mega Pack/Items & Icons/Gold Miner/TV_Animated.png
  artifactKey: Guid(ffa1c3fef166fd6468c8b3168c9a5c27) Importer(2089858483,0ecaa5967403d082aa24f35e1b516d23)
Start importing Assets/Brackeys/2D Mega Pack/Items & Icons/Gold Miner/TV_Animated.png using Guid(ffa1c3fef166fd6468c8b3168c9a5c27) Importer(2089858483,0ecaa5967403d082aa24f35e1b516d23) [PhysX] Initialized MultithreadedTaskDispatcher with 24 workers.
 -> (artifact id: '11479eca8c3014d7aa832e72868b3620') in 0.014061 seconds
Number of updated asset objects reloaded before import = 0
Number of asset objects unloaded after import = 6
========================================================================
Received Import Request.
  Time since last request: 0.000019 seconds.
  path: Assets/Brackeys/2D Mega Pack/Items & Icons/Pixel Art/Coal.png
  artifactKey: Guid(9c5f75faa4c63d4499e6694da108de76) Importer(2089858483,0ecaa5967403d082aa24f35e1b516d23)
Start importing Assets/Brackeys/2D Mega Pack/Items & Icons/Pixel Art/Coal.png using Guid(9c5f75faa4c63d4499e6694da108de76) Importer(2089858483,0ecaa5967403d082aa24f35e1b516d23) [PhysX] Initialized MultithreadedTaskDispatcher with 24 workers.
 -> (artifact id: '1910a26d413cb5863b8d320eff5f790e') in 0.015128 seconds
Number of updated asset objects reloaded before import = 0
Number of asset objects unloaded after import = 3
========================================================================
Received Import Request.
  Time since last request: 0.000018 seconds.
  path: Assets/Brackeys/2D Mega Pack/Items & Icons/Pixel Art/Egg.png
  artifactKey: Guid(14c5c48283a8eeb4098db89eda4a48ff) Importer(2089858483,0ecaa5967403d082aa24f35e1b516d23)
Start importing Assets/Brackeys/2D Mega Pack/Items & Icons/Pixel Art/Egg.png using Guid(14c5c48283a8eeb4098db89eda4a48ff) Importer(2089858483,0ecaa5967403d082aa24f35e1b516d23) [PhysX] Initialized MultithreadedTaskDispatcher with 24 workers.
 -> (artifact id: 'f84f49e3c72b45836657b04231e8e1f8') in 0.010170 seconds
Number of updated asset objects reloaded before import = 0
Number of asset objects unloaded after import = 3
========================================================================
Received Import Request.
  Time since last request: 0.000022 seconds.
  path: Assets/Brackeys/2D Mega Pack/Items & Icons/Pixel Art/Scroll.png
  artifactKey: Guid(60dbf6a31ffde4645b0ff2a518c88795) Importer(2089858483,0ecaa5967403d082aa24f35e1b516d23)
Start importing Assets/Brackeys/2D Mega Pack/Items & Icons/Pixel Art/Scroll.png using Guid(60dbf6a31ffde4645b0ff2a518c88795) Importer(2089858483,0ecaa5967403d082aa24f35e1b516d23) [PhysX] Initialized MultithreadedTaskDispatcher with 24 workers.
 -> (artifact id: '5f610e38b3783baba3e8d1b92de12d9e') in 0.008620 seconds
Number of updated asset objects reloaded before import = 0
Number of asset objects unloaded after import = 3
========================================================================
Received Import Request.
  Time since last request: 0.000016 seconds.
  path: Assets/Brackeys/2D Mega Pack/Items & Icons/Pixel Art/Fish.png
  artifactKey: Guid(78040fcc3a5ca0646b20e131d68b3660) Importer(2089858483,0ecaa5967403d082aa24f35e1b516d23)
Start importing Assets/Brackeys/2D Mega Pack/Items & Icons/Pixel Art/Fish.png using Guid(78040fcc3a5ca0646b20e131d68b3660) Importer(2089858483,0ecaa5967403d082aa24f35e1b516d23) [PhysX] Initialized MultithreadedTaskDispatcher with 24 workers.
 -> (artifact id: '139d07f45540ea8f84f5918f8c45202b') in 0.012103 seconds
Number of updated asset objects reloaded before import = 0
Number of asset objects unloaded after import = 3
========================================================================
Received Import Request.
  Time since last request: 0.000015 seconds.
  path: Assets/Brackeys/2D Mega Pack/Food & Plants/Vegetation/Flower3.png
  artifactKey: Guid(090685ddfa394cd439be5ce36d30362c) Importer(2089858483,0ecaa5967403d082aa24f35e1b516d23)
Start importing Assets/Brackeys/2D Mega Pack/Food & Plants/Vegetation/Flower3.png using Guid(090685ddfa394cd439be5ce36d30362c) Importer(2089858483,0ecaa5967403d082aa24f35e1b516d23) [PhysX] Initialized MultithreadedTaskDispatcher with 24 workers.
 -> (artifact id: 'be520ad1c2f7cc78c954dd0250ca7758') in 0.008789 seconds
Number of updated asset objects reloaded before import = 0
Number of asset objects unloaded after import = 3
========================================================================
Received Import Request.
  Time since last request: 0.000015 seconds.
  path: Assets/Brackeys/2D Mega Pack/Food & Plants/Vegetation/Moss1.png
  artifactKey: Guid(177621d0d45130a48a52d74be36888e9) Importer(2089858483,0ecaa5967403d082aa24f35e1b516d23)
Start importing Assets/Brackeys/2D Mega Pack/Food & Plants/Vegetation/Moss1.png using Guid(177621d0d45130a48a52d74be36888e9) Importer(2089858483,0ecaa5967403d082aa24f35e1b516d23) [PhysX] Initialized MultithreadedTaskDispatcher with 24 workers.
 -> (artifact id: 'df194457150a5a9c54a1631a26819f80') in 0.008943 seconds
Number of updated asset objects reloaded before import = 0
Number of asset objects unloaded after import = 3
========================================================================
Received Import Request.
  Time since last request: 0.000019 seconds.
  path: Assets/Brackeys/2D Mega Pack/Items & Icons/Arcade/Coin.png
  artifactKey: Guid(358b0cd10d6bd204aa3dc94c21b83046) Importer(2089858483,0ecaa5967403d082aa24f35e1b516d23)
Start importing Assets/Brackeys/2D Mega Pack/Items & Icons/Arcade/Coin.png using Guid(358b0cd10d6bd204aa3dc94c21b83046) Importer(2089858483,0ecaa5967403d082aa24f35e1b516d23) [PhysX] Initialized MultithreadedTaskDispatcher with 24 workers.
 -> (artifact id: '1c313a5a27e685cb555feb88e5b6566d') in 0.009020 seconds
Number of updated asset objects reloaded before import = 0
Number of asset objects unloaded after import = 3
========================================================================
Received Import Request.
  Time since last request: 0.000017 seconds.
  path: Assets/Brackeys/2D Mega Pack/Items & Icons/Pixel Art/Hat.png
  artifactKey: Guid(5087bdcc637973d41abbd18802fb23d3) Importer(2089858483,0ecaa5967403d082aa24f35e1b516d23)
Start importing Assets/Brackeys/2D Mega Pack/Items & Icons/Pixel Art/Hat.png using Guid(5087bdcc637973d41abbd18802fb23d3) Importer(2089858483,0ecaa5967403d082aa24f35e1b516d23) [PhysX] Initialized MultithreadedTaskDispatcher with 24 workers.
 -> (artifact id: 'b6ca98f2ee1d05de3e9506b8df33bd7b') in 0.011707 seconds
Number of updated asset objects reloaded before import = 0
Number of asset objects unloaded after import = 3
========================================================================
Received Import Request.
  Time since last request: 0.000014 seconds.
  path: Assets/Brackeys/2D Mega Pack/Items & Icons/Gothic/SoulFragment.png
  artifactKey: Guid(ec6b13a5ffa52bc45b7eeb8e5f69c6a9) Importer(2089858483,0ecaa5967403d082aa24f35e1b516d23)
Start importing Assets/Brackeys/2D Mega Pack/Items & Icons/Gothic/SoulFragment.png using Guid(ec6b13a5ffa52bc45b7eeb8e5f69c6a9) Importer(2089858483,0ecaa5967403d082aa24f35e1b516d23) [PhysX] Initialized MultithreadedTaskDispatcher with 24 workers.
 -> (artifact id: '978cbec5f13b994fb9299ae1aa260820') in 0.009217 seconds
Number of updated asset objects reloaded before import = 0
Number of asset objects unloaded after import = 3
========================================================================
Received Import Request.
  Time since last request: 0.000014 seconds.
  path: Assets/Brackeys/2D Mega Pack/Items & Icons/Pixel Art/Earth.png
  artifactKey: Guid(a34a8f8870f46c04dbe86c7ed173ba1f) Importer(2089858483,0ecaa5967403d082aa24f35e1b516d23)
Start importing Assets/Brackeys/2D Mega Pack/Items & Icons/Pixel Art/Earth.png using Guid(a34a8f8870f46c04dbe86c7ed173ba1f) Importer(2089858483,0ecaa5967403d082aa24f35e1b516d23) [PhysX] Initialized MultithreadedTaskDispatcher with 24 workers.
 -> (artifact id: 'ffa76056e5dd2a368ba33df841661237') in 0.010681 seconds
Number of updated asset objects reloaded before import = 0
Number of asset objects unloaded after import = 3
========================================================================
Received Import Request.
  Time since last request: 0.000018 seconds.
  path: Assets/Brackeys/2D Mega Pack/Items & Icons/Pixel Art/Coin.png
  artifactKey: Guid(d2c0dc76eca05bb4eb4f3fc4a37f258d) Importer(2089858483,0ecaa5967403d082aa24f35e1b516d23)
Start importing Assets/Brackeys/2D Mega Pack/Items & Icons/Pixel Art/Coin.png using Guid(d2c0dc76eca05bb4eb4f3fc4a37f258d) Importer(2089858483,0ecaa5967403d082aa24f35e1b516d23) [PhysX] Initialized MultithreadedTaskDispatcher with 24 workers.
 -> (artifact id: '2d5a1d47af797fa82fbb1e9850e51fa9') in 0.011230 seconds
Number of updated asset objects reloaded before import = 0
Number of asset objects unloaded after import = 3
========================================================================
Received Import Request.
  Time since last request: 0.000028 seconds.
  path: Assets/Brackeys/2D Mega Pack/Items & Icons/Pixel Art/Fireplace.png
  artifactKey: Guid(13597b049430824468ca1d48477afb9b) Importer(2089858483,0ecaa5967403d082aa24f35e1b516d23)
Start importing Assets/Brackeys/2D Mega Pack/Items & Icons/Pixel Art/Fireplace.png using Guid(13597b049430824468ca1d48477afb9b) Importer(2089858483,0ecaa5967403d082aa24f35e1b516d23) [PhysX] Initialized MultithreadedTaskDispatcher with 24 workers.
 -> (artifact id: 'bbc019b675cd0fa4993d105c8e88b7a6') in 0.009154 seconds
Number of updated asset objects reloaded before import = 0
Number of asset objects unloaded after import = 3
========================================================================
Received Import Request.
  Time since last request: 0.000018 seconds.
  path: Assets/Brackeys/2D Mega Pack/Items & Icons/Pixel Art/Sand.png
  artifactKey: Guid(45854289d4f5e5a418b189bc9b896389) Importer(2089858483,0ecaa5967403d082aa24f35e1b516d23)
Start importing Assets/Brackeys/2D Mega Pack/Items & Icons/Pixel Art/Sand.png using Guid(45854289d4f5e5a418b189bc9b896389) Importer(2089858483,0ecaa5967403d082aa24f35e1b516d23) [PhysX] Initialized MultithreadedTaskDispatcher with 24 workers.
 -> (artifact id: '69093ded01504df57f952998689679bb') in 0.010113 seconds
Number of updated asset objects reloaded before import = 0
Number of asset objects unloaded after import = 3
========================================================================
Received Import Request.
  Time since last request: 0.000017 seconds.
  path: Assets/Brackeys/2D Mega Pack/Items & Icons/Minimalistic/MidLine.png
  artifactKey: Guid(96a46c8d2a33f494e82f6385dfdbcc26) Importer(2089858483,0ecaa5967403d082aa24f35e1b516d23)
Start importing Assets/Brackeys/2D Mega Pack/Items & Icons/Minimalistic/MidLine.png using Guid(96a46c8d2a33f494e82f6385dfdbcc26) Importer(2089858483,0ecaa5967403d082aa24f35e1b516d23) [PhysX] Initialized MultithreadedTaskDispatcher with 24 workers.
 -> (artifact id: '65f0197d5c7819d36fb5a6443e3a246c') in 0.012806 seconds
Number of updated asset objects reloaded before import = 0
Number of asset objects unloaded after import = 3
========================================================================
Received Import Request.
  Time since last request: 0.000016 seconds.
  path: Assets/Brackeys/2D Mega Pack/Items & Icons/Minimalistic/Wall.png
  artifactKey: Guid(3363b1041f3eea04699cb58b11d2f208) Importer(2089858483,0ecaa5967403d082aa24f35e1b516d23)
Start importing Assets/Brackeys/2D Mega Pack/Items & Icons/Minimalistic/Wall.png using Guid(3363b1041f3eea04699cb58b11d2f208) Importer(2089858483,0ecaa5967403d082aa24f35e1b516d23) [PhysX] Initialized MultithreadedTaskDispatcher with 24 workers.
 -> (artifact id: 'b9d6639a31b2ab49c7f988179e850975') in 0.016249 seconds
Number of updated asset objects reloaded before import = 0
Number of asset objects unloaded after import = 3
========================================================================
Received Import Request.
  Time since last request: 0.000017 seconds.
  path: Assets/Brackeys/2D Mega Pack/Items & Icons/Gold Miner/Tape.png
  artifactKey: Guid(40c498d119203b24f871fd46978c7b48) Importer(2089858483,0ecaa5967403d082aa24f35e1b516d23)
Start importing Assets/Brackeys/2D Mega Pack/Items & Icons/Gold Miner/Tape.png using Guid(40c498d119203b24f871fd46978c7b48) Importer(2089858483,0ecaa5967403d082aa24f35e1b516d23) [PhysX] Initialized MultithreadedTaskDispatcher with 24 workers.
 -> (artifact id: 'a417b77106a6a88052e4883ed88b5041') in 0.008519 seconds
Number of updated asset objects reloaded before import = 0
Number of asset objects unloaded after import = 3
========================================================================
Received Import Request.
  Time since last request: 0.000021 seconds.
  path: Assets/Brackeys/2D Mega Pack/Items & Icons/Gold Miner/Gold01.png
  artifactKey: Guid(87850260d0f08224e887e1c55590c081) Importer(2089858483,0ecaa5967403d082aa24f35e1b516d23)
Start importing Assets/Brackeys/2D Mega Pack/Items & Icons/Gold Miner/Gold01.png using Guid(87850260d0f08224e887e1c55590c081) Importer(2089858483,0ecaa5967403d082aa24f35e1b516d23) [PhysX] Initialized MultithreadedTaskDispatcher with 24 workers.
 -> (artifact id: '86d2236848885461957bc4dd72ce1b0f') in 0.011553 seconds
Number of updated asset objects reloaded before import = 0
Number of asset objects unloaded after import = 3
========================================================================
Received Import Request.
  Time since last request: 0.000017 seconds.
  path: Assets/Brackeys/2D Mega Pack/Items & Icons/Grungy/WoodCrate.png
  artifactKey: Guid(082f7453675a9e3468a060e0b75fafc7) Importer(2089858483,0ecaa5967403d082aa24f35e1b516d23)
Start importing Assets/Brackeys/2D Mega Pack/Items & Icons/Grungy/WoodCrate.png using Guid(082f7453675a9e3468a060e0b75fafc7) Importer(2089858483,0ecaa5967403d082aa24f35e1b516d23) [PhysX] Initialized MultithreadedTaskDispatcher with 24 workers.
 -> (artifact id: 'c121c34769a0f86ec2dd360855449abf') in 0.011941 seconds
Number of updated asset objects reloaded before import = 0
Number of asset objects unloaded after import = 3
========================================================================
Received Import Request.
  Time since last request: 0.000018 seconds.
  path: Assets/Brackeys/2D Mega Pack/Items & Icons/Cute/Crate.png
  artifactKey: Guid(68a41ff097730fb45a9b2adce184a79d) Importer(2089858483,0ecaa5967403d082aa24f35e1b516d23)
Start importing Assets/Brackeys/2D Mega Pack/Items & Icons/Cute/Crate.png using Guid(68a41ff097730fb45a9b2adce184a79d) Importer(2089858483,0ecaa5967403d082aa24f35e1b516d23) [PhysX] Initialized MultithreadedTaskDispatcher with 24 workers.
 -> (artifact id: '9f21999866c9ef3111b4070fe9c7ef4b') in 0.007984 seconds
Number of updated asset objects reloaded before import = 0
Number of asset objects unloaded after import = 3
========================================================================
Received Import Request.
  Time since last request: 0.000019 seconds.
  path: Assets/Brackeys/2D Mega Pack/Items & Icons/Pixel Art/Diamond.png
  artifactKey: Guid(6b3b8ef492edc304f9230dc368e8af5c) Importer(2089858483,0ecaa5967403d082aa24f35e1b516d23)
Start importing Assets/Brackeys/2D Mega Pack/Items & Icons/Pixel Art/Diamond.png using Guid(6b3b8ef492edc304f9230dc368e8af5c) Importer(2089858483,0ecaa5967403d082aa24f35e1b516d23) [PhysX] Initialized MultithreadedTaskDispatcher with 24 workers.
 -> (artifact id: 'bc1de24b921fb5e2528b542f6f50472d') in 0.012460 seconds
Number of updated asset objects reloaded before import = 0
Number of asset objects unloaded after import = 3
========================================================================
Received Import Request.
  Time since last request: 0.000021 seconds.
  path: Assets/Brackeys/2D Mega Pack/Items & Icons/Arcade/Spawn.png
  artifactKey: Guid(d5983714f6e6d7240a55fc92c9d26e26) Importer(2089858483,0ecaa5967403d082aa24f35e1b516d23)
Start importing Assets/Brackeys/2D Mega Pack/Items & Icons/Arcade/Spawn.png using Guid(d5983714f6e6d7240a55fc92c9d26e26) Importer(2089858483,0ecaa5967403d082aa24f35e1b516d23) [PhysX] Initialized MultithreadedTaskDispatcher with 24 workers.
 -> (artifact id: '83527f276430f75a123c99ab682c604b') in 0.011112 seconds
Number of updated asset objects reloaded before import = 0
Number of asset objects unloaded after import = 3
========================================================================
Received Import Request.
  Time since last request: 0.000018 seconds.
  path: Assets/Brackeys/2D Mega Pack/Food & Plants/Vegetation/Flower1.png
  artifactKey: Guid(56da017435c86bc449e9017197ab204b) Importer(2089858483,0ecaa5967403d082aa24f35e1b516d23)
Start importing Assets/Brackeys/2D Mega Pack/Food & Plants/Vegetation/Flower1.png using Guid(56da017435c86bc449e9017197ab204b) Importer(2089858483,0ecaa5967403d082aa24f35e1b516d23) [PhysX] Initialized MultithreadedTaskDispatcher with 24 workers.
 -> (artifact id: '04d220aaa032081ab592d4dce85473a4') in 0.009132 seconds
Number of updated asset objects reloaded before import = 0
Number of asset objects unloaded after import = 3
========================================================================
Received Import Request.
  Time since last request: 0.000020 seconds.
  path: Assets/Brackeys/2D Mega Pack/Items & Icons/Pixel Art/Friendly Army.png
  artifactKey: Guid(9af35dcba929e4d4e864929c8597e626) Importer(2089858483,0ecaa5967403d082aa24f35e1b516d23)
Start importing Assets/Brackeys/2D Mega Pack/Items & Icons/Pixel Art/Friendly Army.png using Guid(9af35dcba929e4d4e864929c8597e626) Importer(2089858483,0ecaa5967403d082aa24f35e1b516d23) [PhysX] Initialized MultithreadedTaskDispatcher with 24 workers.
 -> (artifact id: '49d271af5e38c6cbb7ba9fc1f20364d1') in 0.013602 seconds
Number of updated asset objects reloaded before import = 0
Number of asset objects unloaded after import = 3
========================================================================
Received Import Request.
  Time since last request: 0.000016 seconds.
  path: Assets/Brackeys/2D Mega Pack/Items & Icons/Gold Miner/Diamond.png
  artifactKey: Guid(d9c7df35c6600dd42b897ce1d9ae898b) Importer(2089858483,0ecaa5967403d082aa24f35e1b516d23)
Start importing Assets/Brackeys/2D Mega Pack/Items & Icons/Gold Miner/Diamond.png using Guid(d9c7df35c6600dd42b897ce1d9ae898b) Importer(2089858483,0ecaa5967403d082aa24f35e1b516d23) [PhysX] Initialized MultithreadedTaskDispatcher with 24 workers.
 -> (artifact id: 'b09f289cd4528378590821ac8a9d90ca') in 0.007718 seconds
Number of updated asset objects reloaded before import = 0
Number of asset objects unloaded after import = 3
========================================================================
Received Import Request.
  Time since last request: 0.000029 seconds.
  path: Assets/Brackeys/2D Mega Pack/Items & Icons/Arcade/Bullet.png
  artifactKey: Guid(89676eea46ffbb2499fc4723811a023c) Importer(2089858483,0ecaa5967403d082aa24f35e1b516d23)
Start importing Assets/Brackeys/2D Mega Pack/Items & Icons/Arcade/Bullet.png using Guid(89676eea46ffbb2499fc4723811a023c) Importer(2089858483,0ecaa5967403d082aa24f35e1b516d23) [PhysX] Initialized MultithreadedTaskDispatcher with 24 workers.
 -> (artifact id: '51cc258e3244623af931ff52ae43c522') in 0.009201 seconds
Number of updated asset objects reloaded before import = 0
Number of asset objects unloaded after import = 3
========================================================================
Received Import Request.
  Time since last request: 0.000015 seconds.
  path: Assets/Brackeys/2D Mega Pack/Items & Icons/Pixel Art/Fire.png
  artifactKey: Guid(80e159dab3e6f1142bc5062eb184ccaf) Importer(2089858483,0ecaa5967403d082aa24f35e1b516d23)
Start importing Assets/Brackeys/2D Mega Pack/Items & Icons/Pixel Art/Fire.png using Guid(80e159dab3e6f1142bc5062eb184ccaf) Importer(2089858483,0ecaa5967403d082aa24f35e1b516d23) [PhysX] Initialized MultithreadedTaskDispatcher with 24 workers.
 -> (artifact id: '94bd316cd2cbb9b30a9709bb0d737764') in 0.010698 seconds
Number of updated asset objects reloaded before import = 0
Number of asset objects unloaded after import = 3
========================================================================
Received Import Request.
  Time since last request: 0.000014 seconds.
  path: Assets/Brackeys/2D Mega Pack/Environment/Farming/TableLog.png
  artifactKey: Guid(fe7a23deba9c59f4982966f8b75d0c41) Importer(2089858483,0ecaa5967403d082aa24f35e1b516d23)
Start importing Assets/Brackeys/2D Mega Pack/Environment/Farming/TableLog.png using Guid(fe7a23deba9c59f4982966f8b75d0c41) Importer(2089858483,0ecaa5967403d082aa24f35e1b516d23) [PhysX] Initialized MultithreadedTaskDispatcher with 24 workers.
 -> (artifact id: '875897368a259eb51394442c348ab4ed') in 0.008404 seconds
Number of updated asset objects reloaded before import = 0
Number of asset objects unloaded after import = 3
========================================================================
Received Import Request.
  Time since last request: 0.000018 seconds.
  path: Assets/Cainos/Pixel Art Top Down - Basic/Prefab/Props/PF Props - Chest 01 Open.prefab
  artifactKey: Guid(17b0c1ef334d17e4bbb74c4778001705) Importer(2089858483,0ecaa5967403d082aa24f35e1b516d23)
Start importing Assets/Cainos/Pixel Art Top Down - Basic/Prefab/Props/PF Props - Chest 01 Open.prefab using Guid(17b0c1ef334d17e4bbb74c4778001705) Importer(2089858483,0ecaa5967403d082aa24f35e1b516d23) [PhysX] Initialized MultithreadedTaskDispatcher with 24 workers.
 -> (artifact id: 'b4e01be3d4525bcd6094d01fc5fd1d42') in 0.023504 seconds
Number of updated asset objects reloaded before import = 0
Number of asset objects unloaded after import = 15
========================================================================
Received Import Request.
  Time since last request: 0.000060 seconds.
  path: Assets/Cainos/Pixel Art Top Down - Basic/Prefab/Props/PF Props - Crate 02.prefab
  artifactKey: Guid(2e2ac125e54a1e44780363d638b1df34) Importer(2089858483,0ecaa5967403d082aa24f35e1b516d23)
Start importing Assets/Cainos/Pixel Art Top Down - Basic/Prefab/Props/PF Props - Crate 02.prefab using Guid(2e2ac125e54a1e44780363d638b1df34) Importer(2089858483,0ecaa5967403d082aa24f35e1b516d23) [PhysX] Initialized MultithreadedTaskDispatcher with 24 workers.
 -> (artifact id: '69a1eb191d04835e634a94d61f836df2') in 0.011092 seconds
Number of updated asset objects reloaded before import = 0
Number of asset objects unloaded after import = 16
========================================================================
Received Import Request.
  Time since last request: 0.000017 seconds.
  path: Assets/Cainos/Pixel Art Top Down - Basic/Prefab/Props/PF Props - Road Sign 01 E.prefab
  artifactKey: Guid(b823debd04fd63f4d8e579210fe0ff20) Importer(2089858483,0ecaa5967403d082aa24f35e1b516d23)
Start importing Assets/Cainos/Pixel Art Top Down - Basic/Prefab/Props/PF Props - Road Sign 01 E.prefab using Guid(b823debd04fd63f4d8e579210fe0ff20) Importer(2089858483,0ecaa5967403d082aa24f35e1b516d23) [PhysX] Initialized MultithreadedTaskDispatcher with 24 workers.
 -> (artifact id: 'c0b937e561bb22e4fa18bc6e2ffda15e') in 0.008222 seconds
Number of updated asset objects reloaded before import = 0
Number of asset objects unloaded after import = 15
========================================================================
Received Import Request.
  Time since last request: 0.000015 seconds.
  path: Assets/Cainos/Pixel Art Top Down - Basic/Prefab/Plant/PF Plant - Flower 01.prefab
  artifactKey: Guid(c6d86ec8825b7674a9736d1cb0cd98a2) Importer(2089858483,0ecaa5967403d082aa24f35e1b516d23)
Start importing Assets/Cainos/Pixel Art Top Down - Basic/Prefab/Plant/PF Plant - Flower 01.prefab using Guid(c6d86ec8825b7674a9736d1cb0cd98a2) Importer(2089858483,0ecaa5967403d082aa24f35e1b516d23) [PhysX] Initialized MultithreadedTaskDispatcher with 24 workers.
 -> (artifact id: '6c9906e4fd2ed8935a208f5b09548754') in 0.007468 seconds
Number of updated asset objects reloaded before import = 0
Number of asset objects unloaded after import = 7
========================================================================
Received Import Request.
  Time since last request: 0.000020 seconds.
  path: Assets/Cainos/Pixel Art Top Down - Basic/Prefab/Props/PF Props - Gravestone 02.prefab
  artifactKey: Guid(6242b925f1d3e0d44a183102cd3d4c26) Importer(2089858483,0ecaa5967403d082aa24f35e1b516d23)
Start importing Assets/Cainos/Pixel Art Top Down - Basic/Prefab/Props/PF Props - Gravestone 02.prefab using Guid(6242b925f1d3e0d44a183102cd3d4c26) Importer(2089858483,0ecaa5967403d082aa24f35e1b516d23) [PhysX] Initialized MultithreadedTaskDispatcher with 24 workers.
 -> (artifact id: '2e4c25b19940b82deb297af474c6729f') in 0.007098 seconds
Number of updated asset objects reloaded before import = 0
Number of asset objects unloaded after import = 15
========================================================================
Received Import Request.
  Time since last request: 0.000018 seconds.
  path: Assets/Brackeys/2D Mega Pack/Items & Icons/Pixel Art/World Ender.png
  artifactKey: Guid(5c08bbcce060bf24c8074d9f4d593e63) Importer(2089858483,0ecaa5967403d082aa24f35e1b516d23)
Start importing Assets/Brackeys/2D Mega Pack/Items & Icons/Pixel Art/World Ender.png using Guid(5c08bbcce060bf24c8074d9f4d593e63) Importer(2089858483,0ecaa5967403d082aa24f35e1b516d23) [PhysX] Initialized MultithreadedTaskDispatcher with 24 workers.
 -> (artifact id: '39a913cb1885406867c2ed4d90d95993') in 0.012847 seconds
Number of updated asset objects reloaded before import = 0
Number of asset objects unloaded after import = 3
========================================================================
Received Import Request.
  Time since last request: 0.000020 seconds.
  path: Assets/Cainos/Pixel Art Top Down - Basic/Prefab/Props/PF Props - Pot 03.prefab
  artifactKey: Guid(f3cc2373308c11848977b28d974a9de0) Importer(2089858483,0ecaa5967403d082aa24f35e1b516d23)
Start importing Assets/Cainos/Pixel Art Top Down - Basic/Prefab/Props/PF Props - Pot 03.prefab using Guid(f3cc2373308c11848977b28d974a9de0) Importer(2089858483,0ecaa5967403d082aa24f35e1b516d23) [PhysX] Initialized MultithreadedTaskDispatcher with 24 workers.
 -> (artifact id: '55c9a10b914e2034c5d8b68c26cb2fed') in 0.009054 seconds
Number of updated asset objects reloaded before import = 0
Number of asset objects unloaded after import = 16
========================================================================
Received Import Request.
  Time since last request: 0.000017 seconds.
  path: Assets/Cainos/Pixel Art Top Down - Basic/Prefab/Plant/PF Plant - Grass 08.prefab
  artifactKey: Guid(8c66149e58003104daf96668db118b4f) Importer(2089858483,0ecaa5967403d082aa24f35e1b516d23)
Start importing Assets/Cainos/Pixel Art Top Down - Basic/Prefab/Plant/PF Plant - Grass 08.prefab using Guid(8c66149e58003104daf96668db118b4f) Importer(2089858483,0ecaa5967403d082aa24f35e1b516d23) [PhysX] Initialized MultithreadedTaskDispatcher with 24 workers.
 -> (artifact id: '43f53f59e933920a43406d9ef903fa6b') in 0.007531 seconds
Number of updated asset objects reloaded before import = 0
Number of asset objects unloaded after import = 8
========================================================================
Received Import Request.
  Time since last request: 0.000015 seconds.
  path: Assets/Cainos/Pixel Art Top Down - Basic/Prefab/Props/PF Props - Crate 01.prefab
  artifactKey: Guid(fb2df5b680b64b449a78162ebcd98e97) Importer(2089858483,0ecaa5967403d082aa24f35e1b516d23)
Start importing Assets/Cainos/Pixel Art Top Down - Basic/Prefab/Props/PF Props - Crate 01.prefab using Guid(fb2df5b680b64b449a78162ebcd98e97) Importer(2089858483,0ecaa5967403d082aa24f35e1b516d23) [PhysX] Initialized MultithreadedTaskDispatcher with 24 workers.
 -> (artifact id: '6e089838b9f81b94980d2b0cbcc8cdc2') in 0.014076 seconds
Number of updated asset objects reloaded before import = 0
Number of asset objects unloaded after import = 16
========================================================================
Received Import Request.
  Time since last request: 0.000029 seconds.
  path: Assets/Cainos/Pixel Art Top Down - Basic/Prefab/Plant/PF Plant - Tree 01.prefab
  artifactKey: Guid(f681a54372d73d74785b9c9d4ac477e8) Importer(2089858483,0ecaa5967403d082aa24f35e1b516d23)
Start importing Assets/Cainos/Pixel Art Top Down - Basic/Prefab/Plant/PF Plant - Tree 01.prefab using Guid(f681a54372d73d74785b9c9d4ac477e8) Importer(2089858483,0ecaa5967403d082aa24f35e1b516d23) [PhysX] Initialized MultithreadedTaskDispatcher with 24 workers.
 -> (artifact id: 'ab71b2f303fdb9ebf208b78ef9d24568') in 0.008106 seconds
Number of updated asset objects reloaded before import = 0
Number of asset objects unloaded after import = 21
========================================================================
Received Import Request.
  Time since last request: 0.000016 seconds.
  path: Assets/Brackeys/2D Mega Pack/UI/Cursors/YellowCursor.png
  artifactKey: Guid(f6c447868c4916746aba134404e3b985) Importer(2089858483,0ecaa5967403d082aa24f35e1b516d23)
Start importing Assets/Brackeys/2D Mega Pack/UI/Cursors/YellowCursor.png using Guid(f6c447868c4916746aba134404e3b985) Importer(2089858483,0ecaa5967403d082aa24f35e1b516d23) [PhysX] Initialized MultithreadedTaskDispatcher with 24 workers.
 -> (artifact id: 'c918a4fcb5d1a0497aba78039060eeb4') in 0.008362 seconds
Number of updated asset objects reloaded before import = 0
Number of asset objects unloaded after import = 3
========================================================================
Received Import Request.
  Time since last request: 0.000023 seconds.
  path: Assets/Cainos/Pixel Art Top Down - Basic/Prefab/Plant/PF Plant - Grass 05.prefab
  artifactKey: Guid(019ab1af1d7a4b742a982c009534c058) Importer(2089858483,0ecaa5967403d082aa24f35e1b516d23)
Start importing Assets/Cainos/Pixel Art Top Down - Basic/Prefab/Plant/PF Plant - Grass 05.prefab using Guid(019ab1af1d7a4b742a982c009534c058) Importer(2089858483,0ecaa5967403d082aa24f35e1b516d23) [PhysX] Initialized MultithreadedTaskDispatcher with 24 workers.
 -> (artifact id: '37b8696ae3b3fdcb4e81407ff516a298') in 0.008619 seconds
Number of updated asset objects reloaded before import = 0
Number of asset objects unloaded after import = 8
========================================================================
Received Import Request.
  Time since last request: 0.000014 seconds.
  path: Assets/Cainos/Pixel Art Top Down - Basic/Prefab/Plant/PF Plant - Grass 15.prefab
  artifactKey: Guid(bf462882706828c44a4465986b6fb8d2) Importer(2089858483,0ecaa5967403d082aa24f35e1b516d23)
Start importing Assets/Cainos/Pixel Art Top Down - Basic/Prefab/Plant/PF Plant - Grass 15.prefab using Guid(bf462882706828c44a4465986b6fb8d2) Importer(2089858483,0ecaa5967403d082aa24f35e1b516d23) [PhysX] Initialized MultithreadedTaskDispatcher with 24 workers.
 -> (artifact id: '30573742614330b07a18c5c3670d22c3') in 0.007686 seconds
Number of updated asset objects reloaded before import = 0
Number of asset objects unloaded after import = 8
========================================================================
Received Import Request.
  Time since last request: 0.000015 seconds.
  path: Assets/Brackeys/2D Mega Pack/Items & Icons/Stick Figure-like/Wall.png
  artifactKey: Guid(b836a3aaf2866094ca299591bb38572e) Importer(2089858483,0ecaa5967403d082aa24f35e1b516d23)
Start importing Assets/Brackeys/2D Mega Pack/Items & Icons/Stick Figure-like/Wall.png using Guid(b836a3aaf2866094ca299591bb38572e) Importer(2089858483,0ecaa5967403d082aa24f35e1b516d23) [PhysX] Initialized MultithreadedTaskDispatcher with 24 workers.
 -> (artifact id: '0ce21b5291b9ee955669217688f1e7f3') in 0.009600 seconds
Number of updated asset objects reloaded before import = 0
Number of asset objects unloaded after import = 3
========================================================================
Received Import Request.
  Time since last request: 0.000014 seconds.
  path: Assets/Brackeys/2D Mega Pack/Items & Icons/Pixel Art/Wool.png
  artifactKey: Guid(a88d5300df9790349866dcad93d3a1ea) Importer(2089858483,0ecaa5967403d082aa24f35e1b516d23)
Start importing Assets/Brackeys/2D Mega Pack/Items & Icons/Pixel Art/Wool.png using Guid(a88d5300df9790349866dcad93d3a1ea) Importer(2089858483,0ecaa5967403d082aa24f35e1b516d23) [PhysX] Initialized MultithreadedTaskDispatcher with 24 workers.
 -> (artifact id: 'deb24e4db7f33120ca6b7844d000c89b') in 0.010167 seconds
Number of updated asset objects reloaded before import = 0
Number of asset objects unloaded after import = 3
========================================================================
Received Import Request.
  Time since last request: 0.000016 seconds.
  path: Assets/Brackeys/2D Mega Pack/UI/Cursors/Cursor_Shoot.png
  artifactKey: Guid(944eece0a3c26194d96c7c96dd48f94a) Importer(2089858483,0ecaa5967403d082aa24f35e1b516d23)
Start importing Assets/Brackeys/2D Mega Pack/UI/Cursors/Cursor_Shoot.png using Guid(944eece0a3c26194d96c7c96dd48f94a) Importer(2089858483,0ecaa5967403d082aa24f35e1b516d23) [PhysX] Initialized MultithreadedTaskDispatcher with 24 workers.
 -> (artifact id: '58731a2ca09264f5f22f0abe0932e9d7') in 0.008215 seconds
Number of updated asset objects reloaded before import = 0
Number of asset objects unloaded after import = 3
========================================================================
Received Import Request.
  Time since last request: 0.000015 seconds.
  path: Assets/Brackeys/2D Mega Pack/Items & Icons/Pixel Art/TheRing.png
  artifactKey: Guid(ec3f5c9d06947e7458e9626551938feb) Importer(2089858483,0ecaa5967403d082aa24f35e1b516d23)
Start importing Assets/Brackeys/2D Mega Pack/Items & Icons/Pixel Art/TheRing.png using Guid(ec3f5c9d06947e7458e9626551938feb) Importer(2089858483,0ecaa5967403d082aa24f35e1b516d23) [PhysX] Initialized MultithreadedTaskDispatcher with 24 workers.
 -> (artifact id: '3b1ca6ecc194c94d1f44ea0a0b345376') in 0.011495 seconds
Number of updated asset objects reloaded before import = 0
Number of asset objects unloaded after import = 3
========================================================================
Received Import Request.
  Time since last request: 0.000122 seconds.
  path: Assets/Brackeys/2D Mega Pack/Items & Icons/Pixel Art/WaterDrop2.png
  artifactKey: Guid(dc609117e8b8ed84ead2a01085dbbaa4) Importer(2089858483,0ecaa5967403d082aa24f35e1b516d23)
Start importing Assets/Brackeys/2D Mega Pack/Items & Icons/Pixel Art/WaterDrop2.png using Guid(dc609117e8b8ed84ead2a01085dbbaa4) Importer(2089858483,0ecaa5967403d082aa24f35e1b516d23) [PhysX] Initialized MultithreadedTaskDispatcher with 24 workers.
 -> (artifact id: '38ad5792b92c3ce2dac52bd52af149a1') in 0.009683 seconds
Number of updated asset objects reloaded before import = 0
Number of asset objects unloaded after import = 3
========================================================================
Received Import Request.
  Time since last request: 0.000017 seconds.
  path: Assets/Cainos/Pixel Art Top Down - Basic/Prefab/Plant/PF Plant - Grass 01.prefab
  artifactKey: Guid(a0a66c9b152e801409fc26c4ca493d18) Importer(2089858483,0ecaa5967403d082aa24f35e1b516d23)
Start importing Assets/Cainos/Pixel Art Top Down - Basic/Prefab/Plant/PF Plant - Grass 01.prefab using Guid(a0a66c9b152e801409fc26c4ca493d18) Importer(2089858483,0ecaa5967403d082aa24f35e1b516d23) [PhysX] Initialized MultithreadedTaskDispatcher with 24 workers.
 -> (artifact id: 'ac6c9bde2bceec163e73416e134c63fe') in 0.009322 seconds
Number of updated asset objects reloaded before import = 0
Number of asset objects unloaded after import = 8
========================================================================
Received Import Request.
  Time since last request: 0.000016 seconds.
  path: Assets/Cainos/Pixel Art Top Down - Basic/Prefab/Player/PF Player.prefab
  artifactKey: Guid(ef67ba864d1ecc042b5f4cf48455c0a6) Importer(2089858483,0ecaa5967403d082aa24f35e1b516d23)
Start importing Assets/Cainos/Pixel Art Top Down - Basic/Prefab/Player/PF Player.prefab using Guid(ef67ba864d1ecc042b5f4cf48455c0a6) Importer(2089858483,0ecaa5967403d082aa24f35e1b516d23) [PhysX] Initialized MultithreadedTaskDispatcher with 24 workers.
 -> (artifact id: 'ca807a697b691d6759a9ecf1fda09346') in 0.002771 seconds
Number of updated asset objects reloaded before import = 0
Number of asset objects unloaded after import = 0
========================================================================
Received Import Request.
  Time since last request: 0.000054 seconds.
  path: Assets/Brackeys/2D Mega Pack/Items & Icons/Stick Figure-like/MissileLauncher.png
  artifactKey: Guid(1cd115f69b34b7940a76942263a95efd) Importer(2089858483,0ecaa5967403d082aa24f35e1b516d23)
Start importing Assets/Brackeys/2D Mega Pack/Items & Icons/Stick Figure-like/MissileLauncher.png using Guid(1cd115f69b34b7940a76942263a95efd) Importer(2089858483,0ecaa5967403d082aa24f35e1b516d23) [PhysX] Initialized MultithreadedTaskDispatcher with 24 workers.
 -> (artifact id: 'ff127e03a5087e6bba72102259bf6b95') in 0.010758 seconds
Number of updated asset objects reloaded before import = 0
Number of asset objects unloaded after import = 3
========================================================================
Received Import Request.
  Time since last request: 0.000016 seconds.
  path: Assets/Cainos/Pixel Art Top Down - Basic/Prefab/Plant/PF Plant - Grass 07.prefab
  artifactKey: Guid(8d15c39fd3e3cab47ab96fbaf6dc2f92) Importer(2089858483,0ecaa5967403d082aa24f35e1b516d23)
Start importing Assets/Cainos/Pixel Art Top Down - Basic/Prefab/Plant/PF Plant - Grass 07.prefab using Guid(8d15c39fd3e3cab47ab96fbaf6dc2f92) Importer(2089858483,0ecaa5967403d082aa24f35e1b516d23) [PhysX] Initialized MultithreadedTaskDispatcher with 24 workers.
 -> (artifact id: 'cc7d5c4506c8b850f42066e6741b9cbb') in 0.007159 seconds
Number of updated asset objects reloaded before import = 0
Number of asset objects unloaded after import = 8
========================================================================
Received Import Request.
  Time since last request: 0.000016 seconds.
  path: Assets/Cainos/Pixel Art Top Down - Basic/Prefab/Plant/PF Plant - Bush 01.prefab
  artifactKey: Guid(a0a71fda412ad0941ab44f1732ea4c1e) Importer(2089858483,0ecaa5967403d082aa24f35e1b516d23)
Start importing Assets/Cainos/Pixel Art Top Down - Basic/Prefab/Plant/PF Plant - Bush 01.prefab using Guid(a0a71fda412ad0941ab44f1732ea4c1e) Importer(2089858483,0ecaa5967403d082aa24f35e1b516d23) [PhysX] Initialized MultithreadedTaskDispatcher with 24 workers.
 -> (artifact id: '6cc031f1d782cdf580bcfc9c42ecb8c2') in 0.007434 seconds
Number of updated asset objects reloaded before import = 0
Number of asset objects unloaded after import = 14
========================================================================
Received Import Request.
  Time since last request: 0.000019 seconds.
  path: Assets/Cainos/Pixel Art Top Down - Basic/Prefab/Plant/PF Plant - Grass 12.prefab
  artifactKey: Guid(1dc4948f20ddc324f84c815af63aa6a9) Importer(2089858483,0ecaa5967403d082aa24f35e1b516d23)
Start importing Assets/Cainos/Pixel Art Top Down - Basic/Prefab/Plant/PF Plant - Grass 12.prefab using Guid(1dc4948f20ddc324f84c815af63aa6a9) Importer(2089858483,0ecaa5967403d082aa24f35e1b516d23) [PhysX] Initialized MultithreadedTaskDispatcher with 24 workers.
 -> (artifact id: 'b66061e52eead06e08802fad8ee9ccc6') in 0.005991 seconds
Number of updated asset objects reloaded before import = 0
Number of asset objects unloaded after import = 8
========================================================================
Received Import Request.
  Time since last request: 0.000016 seconds.
  path: Assets/Cainos/Pixel Art Top Down - Basic/Prefab/Plant/PF Plant - Bush 04.prefab
  artifactKey: Guid(4bd7b41600416b54395bf9936a05dc8e) Importer(2089858483,0ecaa5967403d082aa24f35e1b516d23)
Start importing Assets/Cainos/Pixel Art Top Down - Basic/Prefab/Plant/PF Plant - Bush 04.prefab using Guid(4bd7b41600416b54395bf9936a05dc8e) Importer(2089858483,0ecaa5967403d082aa24f35e1b516d23) [PhysX] Initialized MultithreadedTaskDispatcher with 24 workers.
 -> (artifact id: 'd765e0894c3055724cb9a24a5f4c0857') in 0.006666 seconds
Number of updated asset objects reloaded before import = 0
Number of asset objects unloaded after import = 14
========================================================================
Received Import Request.
  Time since last request: 0.000015 seconds.
  path: Assets/Brackeys/2D Mega Pack/UI/Cursors/Cursor_Normal.png
  artifactKey: Guid(d673263d78ce47f488b74edbdd14b6f2) Importer(2089858483,0ecaa5967403d082aa24f35e1b516d23)
Start importing Assets/Brackeys/2D Mega Pack/UI/Cursors/Cursor_Normal.png using Guid(d673263d78ce47f488b74edbdd14b6f2) Importer(2089858483,0ecaa5967403d082aa24f35e1b516d23) [PhysX] Initialized MultithreadedTaskDispatcher with 24 workers.
 -> (artifact id: '55ea002aca8ffec097348590172617ee') in 0.010745 seconds
Number of updated asset objects reloaded before import = 0
Number of asset objects unloaded after import = 3
========================================================================
Received Import Request.
  Time since last request: 0.000024 seconds.
  path: Assets/Cainos/Pixel Art Top Down - Basic/Prefab/Plant/PF Plant - Grass 09.prefab
  artifactKey: Guid(424ccba55881d2743a04e1f1a4947e4c) Importer(2089858483,0ecaa5967403d082aa24f35e1b516d23)
Start importing Assets/Cainos/Pixel Art Top Down - Basic/Prefab/Plant/PF Plant - Grass 09.prefab using Guid(424ccba55881d2743a04e1f1a4947e4c) Importer(2089858483,0ecaa5967403d082aa24f35e1b516d23) [PhysX] Initialized MultithreadedTaskDispatcher with 24 workers.
 -> (artifact id: 'cdddb0d5f47738e9f75f53558614c4e5') in 0.006008 seconds
Number of updated asset objects reloaded before import = 0
Number of asset objects unloaded after import = 8
========================================================================
Received Import Request.
  Time since last request: 0.000028 seconds.
  path: Assets/Cainos/Pixel Art Top Down - Basic/Prefab/Plant/PF Plant - Tree 02.prefab
  artifactKey: Guid(7277dd75e907b27448ec1de08238d0bb) Importer(2089858483,0ecaa5967403d082aa24f35e1b516d23)
Start importing Assets/Cainos/Pixel Art Top Down - Basic/Prefab/Plant/PF Plant - Tree 02.prefab using Guid(7277dd75e907b27448ec1de08238d0bb) Importer(2089858483,0ecaa5967403d082aa24f35e1b516d23) [PhysX] Initialized MultithreadedTaskDispatcher with 24 workers.
 -> (artifact id: '22ebaef5af54d3b7427b0f0ecdc57e14') in 0.006174 seconds
Number of updated asset objects reloaded before import = 0
Number of asset objects unloaded after import = 21
========================================================================
Received Import Request.
  Time since last request: 0.000018 seconds.
  path: Assets/Brackeys/2D Mega Pack/Environment/Stick Figure-like/Tree01.png
  artifactKey: Guid(74523066bc47fe84dbaa42e33b2e9adc) Importer(2089858483,0ecaa5967403d082aa24f35e1b516d23)
Start importing Assets/Brackeys/2D Mega Pack/Environment/Stick Figure-like/Tree01.png using Guid(74523066bc47fe84dbaa42e33b2e9adc) Importer(2089858483,0ecaa5967403d082aa24f35e1b516d23) [PhysX] Initialized MultithreadedTaskDispatcher with 24 workers.
 -> (artifact id: 'c7c2aa2aff0232a74ba613fc797f4d6d') in 0.008281 seconds
Number of updated asset objects reloaded before import = 0
Number of asset objects unloaded after import = 3
========================================================================
Received Import Request.
  Time since last request: 0.000016 seconds.
  path: Assets/Brackeys/2D Mega Pack/Items & Icons/Cute/DinnerTable.png
  artifactKey: Guid(e11c6e74230e7c840a3fbcf8989cb499) Importer(2089858483,0ecaa5967403d082aa24f35e1b516d23)
Start importing Assets/Brackeys/2D Mega Pack/Items & Icons/Cute/DinnerTable.png using Guid(e11c6e74230e7c840a3fbcf8989cb499) Importer(2089858483,0ecaa5967403d082aa24f35e1b516d23) [PhysX] Initialized MultithreadedTaskDispatcher with 24 workers.
 -> (artifact id: '4873c43749a5c95fa7d5c07cc1c6fef5') in 0.010171 seconds
Number of updated asset objects reloaded before import = 0
Number of asset objects unloaded after import = 3
========================================================================
Received Import Request.
  Time since last request: 0.000102 seconds.
  path: Assets/Cainos/Pixel Art Top Down - Basic/Prefab/Plant/PF Plant - Grass 10.prefab
  artifactKey: Guid(dbeab85cbe3b90b41a444794aab794ef) Importer(2089858483,0ecaa5967403d082aa24f35e1b516d23)
Start importing Assets/Cainos/Pixel Art Top Down - Basic/Prefab/Plant/PF Plant - Grass 10.prefab using Guid(dbeab85cbe3b90b41a444794aab794ef) Importer(2089858483,0ecaa5967403d082aa24f35e1b516d23) [PhysX] Initialized MultithreadedTaskDispatcher with 24 workers.
 -> (artifact id: '45ff93e1eb3f69e584649989e985fd78') in 0.007308 seconds
Number of updated asset objects reloaded before import = 0
Number of asset objects unloaded after import = 8
========================================================================
Received Import Request.
  Time since last request: 0.000015 seconds.
  path: Assets/Brackeys/2D Mega Pack/Characters/Detective.png
  artifactKey: Guid(f776e2e9690501e41a2e5b81ceb440b9) Importer(2089858483,0ecaa5967403d082aa24f35e1b516d23)
Start importing Assets/Brackeys/2D Mega Pack/Characters/Detective.png using Guid(f776e2e9690501e41a2e5b81ceb440b9) Importer(2089858483,0ecaa5967403d082aa24f35e1b516d23) [PhysX] Initialized MultithreadedTaskDispatcher with 24 workers.
 -> (artifact id: 'aefdcf663216d62a41b6d046db8223f3') in 0.028060 seconds
Number of updated asset objects reloaded before import = 0
Number of asset objects unloaded after import = 18
========================================================================
Received Import Request.
  Time since last request: 0.000014 seconds.
  path: Assets/Cainos/Pixel Art Top Down - Basic/Prefab/Plant/PF Plant - Grass 06.prefab
  artifactKey: Guid(84d669757910f1f488023c92e71fcad5) Importer(2089858483,0ecaa5967403d082aa24f35e1b516d23)
Start importing Assets/Cainos/Pixel Art Top Down - Basic/Prefab/Plant/PF Plant - Grass 06.prefab using Guid(84d669757910f1f488023c92e71fcad5) Importer(2089858483,0ecaa5967403d082aa24f35e1b516d23) [PhysX] Initialized MultithreadedTaskDispatcher with 24 workers.
 -> (artifact id: '444b2ff26708772122f27bf08b97d576') in 0.005754 seconds
Number of updated asset objects reloaded before import = 0
Number of asset objects unloaded after import = 8
========================================================================
Received Import Request.
  Time since last request: 0.000032 seconds.
  path: Assets/Scripts/EnemyScript.cs
  artifactKey: Guid(34a092f9237ffac45b203c7a0f9fc1a9) Importer(2089858483,0ecaa5967403d082aa24f35e1b516d23)
Start importing Assets/Scripts/EnemyScript.cs using Guid(34a092f9237ffac45b203c7a0f9fc1a9) Importer(2089858483,0ecaa5967403d082aa24f35e1b516d23) [PhysX] Initialized MultithreadedTaskDispatcher with 24 workers.
 -> (artifact id: 'b6cf4f21cc00d379038d10e070512831') in 0.002924 seconds
Number of updated asset objects reloaded before import = 0
Number of asset objects unloaded after import = 1
========================================================================
Received Import Request.
  Time since last request: 0.000101 seconds.
  path: Assets/Cainos/Pixel Art Top Down - Basic/Tile Palette/TP Grass/TX Tileset Grass Flower 15.asset
  artifactKey: Guid(70b8e49e6af191c4c987c778977a5dba) Importer(2089858483,0ecaa5967403d082aa24f35e1b516d23)
Start importing Assets/Cainos/Pixel Art Top Down - Basic/Tile Palette/TP Grass/TX Tileset Grass Flower 15.asset using Guid(70b8e49e6af191c4c987c778977a5dba) Importer(2089858483,0ecaa5967403d082aa24f35e1b516d23) [PhysX] Initialized MultithreadedTaskDispatcher with 24 workers.
 -> (artifact id: '43f17c3bb0334de55447981587275f8e') in 0.013106 seconds
Number of updated asset objects reloaded before import = 0
Number of asset objects unloaded after import = 3
========================================================================
Received Import Request.
  Time since last request: 0.000019 seconds.
  path: Assets/Cainos/Pixel Art Top Down - Basic/Tile Palette/TP Grass/TX Tileset Grass 2.asset
  artifactKey: Guid(6da925407638afc4db4e37eb2ec98c76) Importer(2089858483,0ecaa5967403d082aa24f35e1b516d23)
Start importing Assets/Cainos/Pixel Art Top Down - Basic/Tile Palette/TP Grass/TX Tileset Grass 2.asset using Guid(6da925407638afc4db4e37eb2ec98c76) Importer(2089858483,0ecaa5967403d082aa24f35e1b516d23) [PhysX] Initialized MultithreadedTaskDispatcher with 24 workers.
 -> (artifact id: '894753ff24f3dc4f80ca952fa7606d76') in 0.005722 seconds
Number of updated asset objects reloaded before import = 0
Number of asset objects unloaded after import = 3
========================================================================
Received Import Request.
  Time since last request: 0.000014 seconds.
  path: Assets/Cainos/Pixel Art Top Down - Basic/Tile Palette/TP Grass/TX Tileset Grass Flower 9.asset
  artifactKey: Guid(2367cb1fa5ebd9d4d9082b473634a906) Importer(2089858483,0ecaa5967403d082aa24f35e1b516d23)
Start importing Assets/Cainos/Pixel Art Top Down - Basic/Tile Palette/TP Grass/TX Tileset Grass Flower 9.asset using Guid(2367cb1fa5ebd9d4d9082b473634a906) Importer(2089858483,0ecaa5967403d082aa24f35e1b516d23) [PhysX] Initialized MultithreadedTaskDispatcher with 24 workers.
 -> (artifact id: '44d66815a68d8f87dbf3fcdde66036c3') in 0.004980 seconds
Number of updated asset objects reloaded before import = 0
Number of asset objects unloaded after import = 3
========================================================================
Received Import Request.
  Time since last request: 0.000017 seconds.
  path: Assets/Cainos/Pixel Art Top Down - Basic/Prefab/Props/PF Props - Stone 05.prefab
  artifactKey: Guid(139b2d65b3145ad45bc13b6d111199de) Importer(2089858483,0ecaa5967403d082aa24f35e1b516d23)
Start importing Assets/Cainos/Pixel Art Top Down - Basic/Prefab/Props/PF Props - Stone 05.prefab using Guid(139b2d65b3145ad45bc13b6d111199de) Importer(2089858483,0ecaa5967403d082aa24f35e1b516d23) [PhysX] Initialized MultithreadedTaskDispatcher with 24 workers.
 -> (artifact id: '53f56b8b7b5b74c492d740d3296c52d7') in 0.010543 seconds
Number of updated asset objects reloaded before import = 0
Number of asset objects unloaded after import = 15
========================================================================
Received Import Request.
  Time since last request: 0.000019 seconds.
  path: Assets/Cainos/Pixel Art Top Down - Basic/Tile Palette/TP Grass/TX Tileset Grass 7.asset
  artifactKey: Guid(cf6b59b7c1dad88438263b3160222715) Importer(2089858483,0ecaa5967403d082aa24f35e1b516d23)
Start importing Assets/Cainos/Pixel Art Top Down - Basic/Tile Palette/TP Grass/TX Tileset Grass 7.asset using Guid(cf6b59b7c1dad88438263b3160222715) Importer(2089858483,0ecaa5967403d082aa24f35e1b516d23) [PhysX] Initialized MultithreadedTaskDispatcher with 24 workers.
 -> (artifact id: '3360646a7a196b0b83a9f78fc359de6f') in 0.006536 seconds
Number of updated asset objects reloaded before import = 0
Number of asset objects unloaded after import = 3
========================================================================
Received Import Request.
  Time since last request: 0.000015 seconds.
  path: Assets/Cainos/Pixel Art Top Down - Basic/Tile Palette/TP Grass/TX Tileset Grass Flower 12.asset
  artifactKey: Guid(57b6fab8e8adf24478f260a85ba4fa71) Importer(2089858483,0ecaa5967403d082aa24f35e1b516d23)
Start importing Assets/Cainos/Pixel Art Top Down - Basic/Tile Palette/TP Grass/TX Tileset Grass Flower 12.asset using Guid(57b6fab8e8adf24478f260a85ba4fa71) Importer(2089858483,0ecaa5967403d082aa24f35e1b516d23) [PhysX] Initialized MultithreadedTaskDispatcher with 24 workers.
 -> (artifact id: 'dce80cda1c039dd1059f6b7a4ad04f46') in 0.004691 seconds
Number of updated asset objects reloaded before import = 0
Number of asset objects unloaded after import = 3
========================================================================
Received Import Request.
  Time since last request: 0.000014 seconds.
  path: Assets/Cainos/Pixel Art Top Down - Basic/Prefab/Props/PF Struct - Stairs S 02 L.prefab
  artifactKey: Guid(6bc7a266104dec640a8bc2ab2e5cd968) Importer(2089858483,0ecaa5967403d082aa24f35e1b516d23)
Start importing Assets/Cainos/Pixel Art Top Down - Basic/Prefab/Props/PF Struct - Stairs S 02 L.prefab using Guid(6bc7a266104dec640a8bc2ab2e5cd968) Importer(2089858483,0ecaa5967403d082aa24f35e1b516d23) [PhysX] Initialized MultithreadedTaskDispatcher with 24 workers.
 -> (artifact id: 'd1a062c2e0567ebc6c2f2f889f851455') in 0.002626 seconds
Number of updated asset objects reloaded before import = 0
Number of asset objects unloaded after import = 0
========================================================================
Received Import Request.
  Time since last request: 0.000085 seconds.
  path: Assets/Cainos/Pixel Art Top Down - Basic/Prefab/Props/PF Struct - Stairs S 01 R.prefab
  artifactKey: Guid(df420ddd0ffda274cba2d4807d8987bd) Importer(2089858483,0ecaa5967403d082aa24f35e1b516d23)
Start importing Assets/Cainos/Pixel Art Top Down - Basic/Prefab/Props/PF Struct - Stairs S 01 R.prefab using Guid(df420ddd0ffda274cba2d4807d8987bd) Importer(2089858483,0ecaa5967403d082aa24f35e1b516d23) [PhysX] Initialized MultithreadedTaskDispatcher with 24 workers.
 -> (artifact id: 'eb5961c1189546eaefdc9c246e4ed3a2') in 0.002280 seconds
Number of updated asset objects reloaded before import = 0
Number of asset objects unloaded after import = 0
========================================================================
Received Import Request.
  Time since last request: 0.000077 seconds.
  path: Assets/Cainos/Pixel Art Top Down - Basic/Prefab/Props/PF Struct - Stairs E 01.prefab
  artifactKey: Guid(c4f2be6ec434a7f459aa4b66ff7fa133) Importer(2089858483,0ecaa5967403d082aa24f35e1b516d23)
Start importing Assets/Cainos/Pixel Art Top Down - Basic/Prefab/Props/PF Struct - Stairs E 01.prefab using Guid(c4f2be6ec434a7f459aa4b66ff7fa133) Importer(2089858483,0ecaa5967403d082aa24f35e1b516d23) [PhysX] Initialized MultithreadedTaskDispatcher with 24 workers.
 -> (artifact id: '6d85cbf2d4c12e5cb6e9e624bceae348') in 0.002666 seconds
Number of updated asset objects reloaded before import = 0
Number of asset objects unloaded after import = 0
========================================================================
Received Import Request.
  Time since last request: 0.000046 seconds.
  path: Assets/Cainos/Pixel Art Top Down - Basic/Prefab/Props/PF Props - Stone Coffin 01 H.prefab
  artifactKey: Guid(42d58802fe231b14c8692b0c06082f5d) Importer(2089858483,0ecaa5967403d082aa24f35e1b516d23)
Start importing Assets/Cainos/Pixel Art Top Down - Basic/Prefab/Props/PF Props - Stone Coffin 01 H.prefab using Guid(42d58802fe231b14c8692b0c06082f5d) Importer(2089858483,0ecaa5967403d082aa24f35e1b516d23) [PhysX] Initialized MultithreadedTaskDispatcher with 24 workers.
 -> (artifact id: 'cbedad56b7edce293a2e98d263939d14') in 0.011245 seconds
Number of updated asset objects reloaded before import = 0
Number of asset objects unloaded after import = 15
========================================================================
Received Import Request.
  Time since last request: 0.000015 seconds.
  path: Assets/Cainos/Pixel Art Top Down - Basic/Prefab/Props/PF Struct - Stairs E 02.prefab
  artifactKey: Guid(74908d4e572f4c541baeae9f5c236a36) Importer(2089858483,0ecaa5967403d082aa24f35e1b516d23)
Start importing Assets/Cainos/Pixel Art Top Down - Basic/Prefab/Props/PF Struct - Stairs E 02.prefab using Guid(74908d4e572f4c541baeae9f5c236a36) Importer(2089858483,0ecaa5967403d082aa24f35e1b516d23) [PhysX] Initialized MultithreadedTaskDispatcher with 24 workers.
 -> (artifact id: '79b79353b935aec96e65f779d2f785af') in 0.002491 seconds
Number of updated asset objects reloaded before import = 0
Number of asset objects unloaded after import = 0
========================================================================
Received Import Request.
  Time since last request: 0.000028 seconds.
  path: Assets/Cainos/Pixel Art Top Down - Basic/Tile Palette/TP Grass/TX Tileset Grass Flower 8.asset
  artifactKey: Guid(a9932c56762082e42ae3a877f0c79f7d) Importer(2089858483,0ecaa5967403d082aa24f35e1b516d23)
Start importing Assets/Cainos/Pixel Art Top Down - Basic/Tile Palette/TP Grass/TX Tileset Grass Flower 8.asset using Guid(a9932c56762082e42ae3a877f0c79f7d) Importer(2089858483,0ecaa5967403d082aa24f35e1b516d23) [PhysX] Initialized MultithreadedTaskDispatcher with 24 workers.
 -> (artifact id: '1afb810ccea9cf401525b0ce335158c5') in 0.006614 seconds
Number of updated asset objects reloaded before import = 0
Number of asset objects unloaded after import = 3
========================================================================
Received Import Request.
  Time since last request: 0.000014 seconds.
  path: Assets/Cainos/Pixel Art Top Down - Basic/Prefab/Props/PF Props - Stone 07.prefab
  artifactKey: Guid(f826bf48ad5bedc4ab6cabe6c4e498e8) Importer(2089858483,0ecaa5967403d082aa24f35e1b516d23)
Start importing Assets/Cainos/Pixel Art Top Down - Basic/Prefab/Props/PF Props - Stone 07.prefab using Guid(f826bf48ad5bedc4ab6cabe6c4e498e8) Importer(2089858483,0ecaa5967403d082aa24f35e1b516d23) [PhysX] Initialized MultithreadedTaskDispatcher with 24 workers.
 -> (artifact id: '0c533193c0cff439f2ae41c5531b1de8') in 0.008069 seconds
Number of updated asset objects reloaded before import = 0
Number of asset objects unloaded after import = 15
========================================================================
Received Import Request.
  Time since last request: 0.000016 seconds.
  path: Assets/Cainos/Pixel Art Top Down - Basic/Prefab/Props/PF Props - Stone 02.prefab
  artifactKey: Guid(713b33322b495794e92184973ece3034) Importer(2089858483,0ecaa5967403d082aa24f35e1b516d23)
Start importing Assets/Cainos/Pixel Art Top Down - Basic/Prefab/Props/PF Props - Stone 02.prefab using Guid(713b33322b495794e92184973ece3034) Importer(2089858483,0ecaa5967403d082aa24f35e1b516d23) [PhysX] Initialized MultithreadedTaskDispatcher with 24 workers.
 -> (artifact id: 'b972feefcf5a6f2f2804362e91f5f2f1') in 0.011794 seconds
Number of updated asset objects reloaded before import = 0
Number of asset objects unloaded after import = 14
========================================================================
Received Import Request.
  Time since last request: 0.000020 seconds.
  path: Assets/Cainos/Pixel Art Top Down - Basic/Tile Palette/TP Grass/TX Tileset Grass Flower 1.asset
  artifactKey: Guid(abe9370c58435f244a894542a9d0f78d) Importer(2089858483,0ecaa5967403d082aa24f35e1b516d23)
Start importing Assets/Cainos/Pixel Art Top Down - Basic/Tile Palette/TP Grass/TX Tileset Grass Flower 1.asset using Guid(abe9370c58435f244a894542a9d0f78d) Importer(2089858483,0ecaa5967403d082aa24f35e1b516d23) [PhysX] Initialized MultithreadedTaskDispatcher with 24 workers.
 -> (artifact id: '33121683ac954dc2185300a32fb24064') in 0.006151 seconds
Number of updated asset objects reloaded before import = 0
Number of asset objects unloaded after import = 3
========================================================================
Received Import Request.
  Time since last request: 0.000016 seconds.
  path: Assets/Cainos/Pixel Art Top Down - Basic/Tile Palette/TP Grass/TX Tileset Grass 12.asset
  artifactKey: Guid(f332210fa22ba8549b6ac4d19975e7b1) Importer(2089858483,0ecaa5967403d082aa24f35e1b516d23)
Start importing Assets/Cainos/Pixel Art Top Down - Basic/Tile Palette/TP Grass/TX Tileset Grass 12.asset using Guid(f332210fa22ba8549b6ac4d19975e7b1) Importer(2089858483,0ecaa5967403d082aa24f35e1b516d23) [PhysX] Initialized MultithreadedTaskDispatcher with 24 workers.
 -> (artifact id: '4a0a4ff13a94125a52fad8deba8f71f3') in 0.007407 seconds
Number of updated asset objects reloaded before import = 0
Number of asset objects unloaded after import = 3
========================================================================
Received Import Request.
  Time since last request: 0.000017 seconds.
  path: Assets/Cainos/Pixel Art Top Down - Basic/Prefab/Props/PF Props - Statue 01.prefab
  artifactKey: Guid(d730038d263986f4dac93230e1dd62b0) Importer(2089858483,0ecaa5967403d082aa24f35e1b516d23)
Start importing Assets/Cainos/Pixel Art Top Down - Basic/Prefab/Props/PF Props - Statue 01.prefab using Guid(d730038d263986f4dac93230e1dd62b0) Importer(2089858483,0ecaa5967403d082aa24f35e1b516d23) [PhysX] Initialized MultithreadedTaskDispatcher with 24 workers.
 -> (artifact id: '2685197801bffbd9e0cbc572fc48304f') in 0.010564 seconds
Number of updated asset objects reloaded before import = 0
Number of asset objects unloaded after import = 15
========================================================================
Received Import Request.
  Time since last request: 0.000019 seconds.
  path: Assets/Cainos/Pixel Art Top Down - Basic/Tile Palette/TP Grass/TX Tileset Grass Flower 7.asset
  artifactKey: Guid(8743c8559250174429e1d0c2e08b2e77) Importer(2089858483,0ecaa5967403d082aa24f35e1b516d23)
Start importing Assets/Cainos/Pixel Art Top Down - Basic/Tile Palette/TP Grass/TX Tileset Grass Flower 7.asset using Guid(8743c8559250174429e1d0c2e08b2e77) Importer(2089858483,0ecaa5967403d082aa24f35e1b516d23) [PhysX] Initialized MultithreadedTaskDispatcher with 24 workers.
 -> (artifact id: '3a8cb1b6da805fca20d16d7cdb965a50') in 0.004993 seconds
Number of updated asset objects reloaded before import = 0
Number of asset objects unloaded after import = 3
========================================================================
Received Import Request.
  Time since last request: 0.000014 seconds.
  path: Assets/Cainos/Pixel Art Top Down - Basic/Prefab/Props/PF Props - Stone Bench 01 E.prefab
  artifactKey: Guid(d925f1d26bd95904886e446c97ec33c3) Importer(2089858483,0ecaa5967403d082aa24f35e1b516d23)
Start importing Assets/Cainos/Pixel Art Top Down - Basic/Prefab/Props/PF Props - Stone Bench 01 E.prefab using Guid(d925f1d26bd95904886e446c97ec33c3) Importer(2089858483,0ecaa5967403d082aa24f35e1b516d23) [PhysX] Initialized MultithreadedTaskDispatcher with 24 workers.
 -> (artifact id: 'befe365646a6baf97b9cc6d79b610d94') in 0.008924 seconds
Number of updated asset objects reloaded before import = 0
Number of asset objects unloaded after import = 15
========================================================================
Received Import Request.
  Time since last request: 0.000015 seconds.
  path: Assets/Cainos/Pixel Art Top Down - Basic/Tile Palette/TP Grass/TX Tileset Grass 4.asset
  artifactKey: Guid(fedab419fdbdeea488795e51c83727c9) Importer(2089858483,0ecaa5967403d082aa24f35e1b516d23)
Start importing Assets/Cainos/Pixel Art Top Down - Basic/Tile Palette/TP Grass/TX Tileset Grass 4.asset using Guid(fedab419fdbdeea488795e51c83727c9) Importer(2089858483,0ecaa5967403d082aa24f35e1b516d23) [PhysX] Initialized MultithreadedTaskDispatcher with 24 workers.
 -> (artifact id: 'c997b60080a5f1174d87c5bb93154734') in 0.005490 seconds
Number of updated asset objects reloaded before import = 0
Number of asset objects unloaded after import = 3
========================================================================
Received Import Request.
  Time since last request: 0.000018 seconds.
  path: Assets/Cainos/Pixel Art Top Down - Basic/Prefab/Props/PF Struct - Stairs S 01 M.prefab
  artifactKey: Guid(78e9efbdf9b33994da8dfbe530f65e5e) Importer(2089858483,0ecaa5967403d082aa24f35e1b516d23)
Start importing Assets/Cainos/Pixel Art Top Down - Basic/Prefab/Props/PF Struct - Stairs S 01 M.prefab using Guid(78e9efbdf9b33994da8dfbe530f65e5e) Importer(2089858483,0ecaa5967403d082aa24f35e1b516d23) [PhysX] Initialized MultithreadedTaskDispatcher with 24 workers.
 -> (artifact id: 'b90295f1ae180a9c08127fc08414d2f7') in 0.002569 seconds
Number of updated asset objects reloaded before import = 0
Number of asset objects unloaded after import = 0
========================================================================
Received Import Request.
  Time since last request: 0.000020 seconds.
  path: Assets/Cainos/Pixel Art Top Down - Basic/Prefab/Props/PF Props - Stone Coffin 01 V.prefab
  artifactKey: Guid(e54d3c80cde4e314eae0912eca6a93ae) Importer(2089858483,0ecaa5967403d082aa24f35e1b516d23)
Start importing Assets/Cainos/Pixel Art Top Down - Basic/Prefab/Props/PF Props - Stone Coffin 01 V.prefab using Guid(e54d3c80cde4e314eae0912eca6a93ae) Importer(2089858483,0ecaa5967403d082aa24f35e1b516d23) [PhysX] Initialized MultithreadedTaskDispatcher with 24 workers.
 -> (artifact id: '0d335c439b66a2af54157bf500c24f3c') in 0.009487 seconds
Number of updated asset objects reloaded before import = 0
Number of asset objects unloaded after import = 15
========================================================================
Received Import Request.
  Time since last request: 0.000018 seconds.
  path: Assets/Cainos/Pixel Art Top Down - Basic/Prefab/Props/PF Props - Rune Pillar Broken.prefab
  artifactKey: Guid(8728cc48d2747494893fd60426c06f6e) Importer(2089858483,0ecaa5967403d082aa24f35e1b516d23)
Start importing Assets/Cainos/Pixel Art Top Down - Basic/Prefab/Props/PF Props - Rune Pillar Broken.prefab using Guid(8728cc48d2747494893fd60426c06f6e) Importer(2089858483,0ecaa5967403d082aa24f35e1b516d23) [PhysX] Initialized MultithreadedTaskDispatcher with 24 workers.
 -> (artifact id: '7ff532d165afbf0ca6b177bc3f836a4c') in 0.011663 seconds
Number of updated asset objects reloaded before import = 0
Number of asset objects unloaded after import = 19
========================================================================
Received Import Request.
  Time since last request: 0.000017 seconds.
  path: Assets/Cainos/Pixel Art Top Down - Basic/Prefab/Props/PF Props - Rune Pillar X3.prefab
  artifactKey: Guid(4fad9c4de6b725a43bb1200ed9479c08) Importer(2089858483,0ecaa5967403d082aa24f35e1b516d23)
Start importing Assets/Cainos/Pixel Art Top Down - Basic/Prefab/Props/PF Props - Rune Pillar X3.prefab using Guid(4fad9c4de6b725a43bb1200ed9479c08) Importer(2089858483,0ecaa5967403d082aa24f35e1b516d23) [PhysX] Initialized MultithreadedTaskDispatcher with 24 workers.
 -> (artifact id: 'd45fc2372783f5f74c635055b77de1d0') in 0.002701 seconds
Number of updated asset objects reloaded before import = 0
Number of asset objects unloaded after import = 0
========================================================================
Received Import Request.
  Time since last request: 0.000018 seconds.
  path: Assets/Cainos/Pixel Art Top Down - Basic/Prefab/Props/PF Struct - Stairs W 01.prefab
  artifactKey: Guid(4fdd2d191ed68b0458ac373d43e8de1e) Importer(2089858483,0ecaa5967403d082aa24f35e1b516d23)
Start importing Assets/Cainos/Pixel Art Top Down - Basic/Prefab/Props/PF Struct - Stairs W 01.prefab using Guid(4fdd2d191ed68b0458ac373d43e8de1e) Importer(2089858483,0ecaa5967403d082aa24f35e1b516d23) [PhysX] Initialized MultithreadedTaskDispatcher with 24 workers.
 -> (artifact id: 'cb505261c90da7edeaaea3acbf678204') in 0.004201 seconds
Number of updated asset objects reloaded before import = 0
Number of asset objects unloaded after import = 0
========================================================================
Received Import Request.
  Time since last request: 0.000084 seconds.
  path: Assets/Cainos/Pixel Art Top Down - Basic/Tile Palette/TP Grass/TX Tileset Grass 11.asset
  artifactKey: Guid(aa14e442c407b164a9e0bba1fd35004d) Importer(2089858483,0ecaa5967403d082aa24f35e1b516d23)
Start importing Assets/Cainos/Pixel Art Top Down - Basic/Tile Palette/TP Grass/TX Tileset Grass 11.asset using Guid(aa14e442c407b164a9e0bba1fd35004d) Importer(2089858483,0ecaa5967403d082aa24f35e1b516d23) [PhysX] Initialized MultithreadedTaskDispatcher with 24 workers.
 -> (artifact id: 'd18f2437173f100bdf10759f04934960') in 0.007039 seconds
Number of updated asset objects reloaded before import = 0
Number of asset objects unloaded after import = 3
========================================================================
Received Import Request.
  Time since last request: 0.000016 seconds.
  path: Assets/Cainos/Pixel Art Top Down - Basic/Prefab/Props/PF Props - Stone 03.prefab
  artifactKey: Guid(ba7fef4c928d8c4459466bf93171730e) Importer(2089858483,0ecaa5967403d082aa24f35e1b516d23)
Start importing Assets/Cainos/Pixel Art Top Down - Basic/Prefab/Props/PF Props - Stone 03.prefab using Guid(ba7fef4c928d8c4459466bf93171730e) Importer(2089858483,0ecaa5967403d082aa24f35e1b516d23) [PhysX] Initialized MultithreadedTaskDispatcher with 24 workers.
 -> (artifact id: 'e6ac42ccee57051391e9f9523b05fed2') in 0.010051 seconds
Number of updated asset objects reloaded before import = 0
Number of asset objects unloaded after import = 14
========================================================================
Received Import Request.
  Time since last request: 0.000017 seconds.
  path: Assets/Cainos/Pixel Art Top Down - Basic/Prefab/Props/PF Struct - Gate 02.prefab
  artifactKey: Guid(b95acdc3b0c1a444c87723520fbab2f0) Importer(2089858483,0ecaa5967403d082aa24f35e1b516d23)
Start importing Assets/Cainos/Pixel Art Top Down - Basic/Prefab/Props/PF Struct - Gate 02.prefab using Guid(b95acdc3b0c1a444c87723520fbab2f0) Importer(2089858483,0ecaa5967403d082aa24f35e1b516d23) [PhysX] Initialized MultithreadedTaskDispatcher with 24 workers.
 -> (artifact id: 'bdd6c9f83f1442af971188786b79e298') in 0.006005 seconds
Number of updated asset objects reloaded before import = 0
Number of asset objects unloaded after import = 29
========================================================================
Received Import Request.
  Time since last request: 0.000016 seconds.
  path: Assets/Cainos/Pixel Art Top Down - Basic/Tile Palette/TP Grass/TX Tileset Grass 13.asset
  artifactKey: Guid(8143e435c2ff5f342951e4e9991c11ea) Importer(2089858483,0ecaa5967403d082aa24f35e1b516d23)
Start importing Assets/Cainos/Pixel Art Top Down - Basic/Tile Palette/TP Grass/TX Tileset Grass 13.asset using Guid(8143e435c2ff5f342951e4e9991c11ea) Importer(2089858483,0ecaa5967403d082aa24f35e1b516d23) [PhysX] Initialized MultithreadedTaskDispatcher with 24 workers.
 -> (artifact id: 'c94254c1e00d7721bfba11ee920cf1e3') in 0.006461 seconds
Number of updated asset objects reloaded before import = 0
Number of asset objects unloaded after import = 3
========================================================================
Received Import Request.
  Time since last request: 0.000019 seconds.
  path: Assets/Cainos/Pixel Art Top Down - Basic/Prefab/Props/PF Props - Rune Pillar X2.prefab
  artifactKey: Guid(6d6991dbbdeecb1488bbf78c063d1235) Importer(2089858483,0ecaa5967403d082aa24f35e1b516d23)
Start importing Assets/Cainos/Pixel Art Top Down - Basic/Prefab/Props/PF Props - Rune Pillar X2.prefab using Guid(6d6991dbbdeecb1488bbf78c063d1235) Importer(2089858483,0ecaa5967403d082aa24f35e1b516d23) [PhysX] Initialized MultithreadedTaskDispatcher with 24 workers.
 -> (artifact id: '403226d6e15feafa52481bd609626dc8') in 0.003200 seconds
Number of updated asset objects reloaded before import = 0
Number of asset objects unloaded after import = 0
========================================================================
Received Import Request.
  Time since last request: 0.000055 seconds.
  path: Assets/Cainos/Pixel Art Top Down - Basic/Prefab/Props/PF Props - Stone Bench 01 W.prefab
  artifactKey: Guid(8eb546cfc24c8c24196899cee5797135) Importer(2089858483,0ecaa5967403d082aa24f35e1b516d23)
Start importing Assets/Cainos/Pixel Art Top Down - Basic/Prefab/Props/PF Props - Stone Bench 01 W.prefab using Guid(8eb546cfc24c8c24196899cee5797135) Importer(2089858483,0ecaa5967403d082aa24f35e1b516d23) [PhysX] Initialized MultithreadedTaskDispatcher with 24 workers.
 -> (artifact id: '145b2178f5d409c31305713484690a47') in 0.007965 seconds
Number of updated asset objects reloaded before import = 0
Number of asset objects unloaded after import = 15
========================================================================
Received Import Request.
  Time since last request: 0.000016 seconds.
  path: Assets/Cainos/Pixel Art Top Down - Basic/Tile Palette/TP Grass/TX Tileset Grass Flower 2.asset
  artifactKey: Guid(0cb9748ff72f7c74ab513387ceba11ad) Importer(2089858483,0ecaa5967403d082aa24f35e1b516d23)
Start importing Assets/Cainos/Pixel Art Top Down - Basic/Tile Palette/TP Grass/TX Tileset Grass Flower 2.asset using Guid(0cb9748ff72f7c74ab513387ceba11ad) Importer(2089858483,0ecaa5967403d082aa24f35e1b516d23) [PhysX] Initialized MultithreadedTaskDispatcher with 24 workers.
 -> (artifact id: 'ac76f2f8721fd52d3297322c7b11a505') in 0.007759 seconds
Number of updated asset objects reloaded before import = 0
Number of asset objects unloaded after import = 3
========================================================================
Received Import Request.
  Time since last request: 0.000018 seconds.
  path: Assets/Cainos/Pixel Art Top Down - Basic/Tile Palette/TP Grass/TX Tileset Grass 15.asset
  artifactKey: Guid(cd739c4b4eb31934494017ea1d34324b) Importer(2089858483,0ecaa5967403d082aa24f35e1b516d23)
Start importing Assets/Cainos/Pixel Art Top Down - Basic/Tile Palette/TP Grass/TX Tileset Grass 15.asset using Guid(cd739c4b4eb31934494017ea1d34324b) Importer(2089858483,0ecaa5967403d082aa24f35e1b516d23) [PhysX] Initialized MultithreadedTaskDispatcher with 24 workers.
 -> (artifact id: '4b6c8197d0189998dff8a37f66f89a49') in 0.007331 seconds
Number of updated asset objects reloaded before import = 0
Number of asset objects unloaded after import = 3
========================================================================
Received Import Request.
  Time since last request: 0.000035 seconds.
  path: Assets/Cainos/Pixel Art Top Down - Basic/Prefab/Props/PF Struct - Stairs S 01 L.prefab
  artifactKey: Guid(a92434f05fc24a2408687e0356655548) Importer(2089858483,0ecaa5967403d082aa24f35e1b516d23)
Start importing Assets/Cainos/Pixel Art Top Down - Basic/Prefab/Props/PF Struct - Stairs S 01 L.prefab using Guid(a92434f05fc24a2408687e0356655548) Importer(2089858483,0ecaa5967403d082aa24f35e1b516d23) [PhysX] Initialized MultithreadedTaskDispatcher with 24 workers.
 -> (artifact id: 'cca90431d289fa7e97e35cfa73b14245') in 0.004014 seconds
Number of updated asset objects reloaded before import = 0
Number of asset objects unloaded after import = 0
========================================================================
Received Import Request.
  Time since last request: 0.000017 seconds.
  path: Assets/Brackeys/2D Mega Pack/-- Example Photos --/Crafting Example.PNG
  artifactKey: Guid(a4d8cf470cb38154fb8591eed220cddd) Importer(2089858483,0ecaa5967403d082aa24f35e1b516d23)
Start importing Assets/Brackeys/2D Mega Pack/-- Example Photos --/Crafting Example.PNG using Guid(a4d8cf470cb38154fb8591eed220cddd) Importer(2089858483,0ecaa5967403d082aa24f35e1b516d23) [PhysX] Initialized MultithreadedTaskDispatcher with 24 workers.
 -> (artifact id: 'bc1a94fc51697feb583fee905e5ca3a7') in 0.009483 seconds
Number of updated asset objects reloaded before import = 0
Number of asset objects unloaded after import = 3
========================================================================
Received Import Request.
  Time since last request: 0.000020 seconds.
  path: Assets/Brackeys/2D Mega Pack/Enemies/Gothic/GothicEnemy01.png
  artifactKey: Guid(0430600dfe1dcf246b1f1324fe8be4d4) Importer(2089858483,0ecaa5967403d082aa24f35e1b516d23)
Start importing Assets/Brackeys/2D Mega Pack/Enemies/Gothic/GothicEnemy01.png using Guid(0430600dfe1dcf246b1f1324fe8be4d4) Importer(2089858483,0ecaa5967403d082aa24f35e1b516d23) [PhysX] Initialized MultithreadedTaskDispatcher with 24 workers.
 -> (artifact id: 'd36cb73bf047dcbfc73bc758c416d3e6') in 0.015428 seconds
Number of updated asset objects reloaded before import = 0
Number of asset objects unloaded after import = 6
========================================================================
Received Import Request.
  Time since last request: 0.000020 seconds.
  path: Assets/TextMesh Pro/Fonts/LiberationSans - OFL.txt
  artifactKey: Guid(6e59c59b81ab47f9b6ec5781fa725d2c) Importer(2089858483,0ecaa5967403d082aa24f35e1b516d23)
Start importing Assets/TextMesh Pro/Fonts/LiberationSans - OFL.txt using Guid(6e59c59b81ab47f9b6ec5781fa725d2c) Importer(2089858483,0ecaa5967403d082aa24f35e1b516d23) [PhysX] Initialized MultithreadedTaskDispatcher with 24 workers.
 -> (artifact id: 'a84dd4697c54a8c342ad4a9db2d6c4e6') in 0.005133 seconds
Number of updated asset objects reloaded before import = 0
Number of asset objects unloaded after import = 1
========================================================================
Received Import Request.
  Time since last request: 0.000014 seconds.
  path: Assets/Cainos/Pixel Art Top Down - Basic/Script/TopDownCharacterController.cs
  artifactKey: Guid(abd146093740c5d43b5909c7913f3109) Importer(2089858483,0ecaa5967403d082aa24f35e1b516d23)
Start importing Assets/Cainos/Pixel Art Top Down - Basic/Script/TopDownCharacterController.cs using Guid(abd146093740c5d43b5909c7913f3109) Importer(2089858483,0ecaa5967403d082aa24f35e1b516d23) [PhysX] Initialized MultithreadedTaskDispatcher with 24 workers.
 -> (artifact id: '584d0439032336a7d59ae9c3af0ffc65') in 0.003934 seconds
Number of updated asset objects reloaded before import = 0
Number of asset objects unloaded after import = 1
========================================================================
Received Import Request.
  Time since last request: 0.000015 seconds.
  path: Assets/Brackeys/2D Mega Pack/Platforms/Platform_Pink.png
  artifactKey: Guid(4bdcafa0e50338d41ae14a25a337e16d) Importer(2089858483,0ecaa5967403d082aa24f35e1b516d23)
Start importing Assets/Brackeys/2D Mega Pack/Platforms/Platform_Pink.png using Guid(4bdcafa0e50338d41ae14a25a337e16d) Importer(2089858483,0ecaa5967403d082aa24f35e1b516d23) [PhysX] Initialized MultithreadedTaskDispatcher with 24 workers.
 -> (artifact id: '9484c62727313955b2039a19409a2534') in 0.009698 seconds
Number of updated asset objects reloaded before import = 0
Number of asset objects unloaded after import = 3
========================================================================
Received Import Request.
  Time since last request: 0.000015 seconds.
  path: Assets/TextMesh Pro/Shaders/TMP_SDF.shader
  artifactKey: Guid(68e6db2ebdc24f95958faec2be5558d6) Importer(2089858483,0ecaa5967403d082aa24f35e1b516d23)
Start importing Assets/TextMesh Pro/Shaders/TMP_SDF.shader using Guid(68e6db2ebdc24f95958faec2be5558d6) Importer(2089858483,0ecaa5967403d082aa24f35e1b516d23) [PhysX] Initialized MultithreadedTaskDispatcher with 24 workers.
 -> (artifact id: '990c31f4d6b483be2f08d00d1ace058a') in 0.005365 seconds
Number of updated asset objects reloaded before import = 0
Number of asset objects unloaded after import = 1
========================================================================
Received Import Request.
  Time since last request: 0.000015 seconds.
  path: Assets/Cainos/Pixel Art Top Down - Basic/Shader/SH Sprite Shadow Mask.shader
  artifactKey: Guid(1ecad76f5afc08c4baa59e2c3946bd55) Importer(2089858483,0ecaa5967403d082aa24f35e1b516d23)
Start importing Assets/Cainos/Pixel Art Top Down - Basic/Shader/SH Sprite Shadow Mask.shader using Guid(1ecad76f5afc08c4baa59e2c3946bd55) Importer(2089858483,0ecaa5967403d082aa24f35e1b516d23) [PhysX] Initialized MultithreadedTaskDispatcher with 24 workers.
 -> (artifact id: 'ecb96b71c351e6ed6006d41807f3cf43') in 0.004984 seconds
Number of updated asset objects reloaded before import = 0
Number of asset objects unloaded after import = 1
========================================================================
Received Import Request.
  Time since last request: 0.000019 seconds.
  path: Assets/Cainos/Pixel Art Top Down - Basic/Tile Palette/TP Grass/TX Tileset Grass_62.asset
  artifactKey: Guid(fa699176380f55f42a54abdfa1c53794) Importer(2089858483,0ecaa5967403d082aa24f35e1b516d23)
Start importing Assets/Cainos/Pixel Art Top Down - Basic/Tile Palette/TP Grass/TX Tileset Grass_62.asset using Guid(fa699176380f55f42a54abdfa1c53794) Importer(2089858483,0ecaa5967403d082aa24f35e1b516d23) [PhysX] Initialized MultithreadedTaskDispatcher with 24 workers.
 -> (artifact id: '6b2ea74811739b4295227ee49de9a72e') in 0.009084 seconds
Number of updated asset objects reloaded before import = 0
Number of asset objects unloaded after import = 3
========================================================================
Received Import Request.
  Time since last request: 0.000025 seconds.
  path: Assets/Brackeys/2D Mega Pack/Environment/Farming/ExtraDirt.png
  artifactKey: Guid(a4161b0fe09bab648a1434c7734d3b9a) Importer(2089858483,0ecaa5967403d082aa24f35e1b516d23)
Start importing Assets/Brackeys/2D Mega Pack/Environment/Farming/ExtraDirt.png using Guid(a4161b0fe09bab648a1434c7734d3b9a) Importer(2089858483,0ecaa5967403d082aa24f35e1b516d23) [PhysX] Initialized MultithreadedTaskDispatcher with 24 workers.
 -> (artifact id: '8668bcf7c89c703c7b065668a084fc32') in 0.007942 seconds
Number of updated asset objects reloaded before import = 0
Number of asset objects unloaded after import = 3
========================================================================
Received Import Request.
  Time since last request: 0.000014 seconds.
  path: Assets/Cainos/Pixel Art Top Down - Basic/Tile Palette/TP Grass/TX Tileset Grass_46.asset
  artifactKey: Guid(841517d60c3ee6342b4877ecf6e257cf) Importer(2089858483,0ecaa5967403d082aa24f35e1b516d23)
Start importing Assets/Cainos/Pixel Art Top Down - Basic/Tile Palette/TP Grass/TX Tileset Grass_46.asset using Guid(841517d60c3ee6342b4877ecf6e257cf) Importer(2089858483,0ecaa5967403d082aa24f35e1b516d23) [PhysX] Initialized MultithreadedTaskDispatcher with 24 workers.
 -> (artifact id: 'bc4752c0ac011b3470a90187641a2c8f') in 0.005625 seconds
Number of updated asset objects reloaded before import = 0
Number of asset objects unloaded after import = 3
========================================================================
Received Import Request.
  Time since last request: 0.000013 seconds.
  path: Assets/Cainos/Pixel Art Top Down - Basic/Tile Palette/TP Stone Ground/TX Tileset Stone Ground_0.asset
  artifactKey: Guid(2e00748cc4924de42a59e142923a3df8) Importer(2089858483,0ecaa5967403d082aa24f35e1b516d23)
Start importing Assets/Cainos/Pixel Art Top Down - Basic/Tile Palette/TP Stone Ground/TX Tileset Stone Ground_0.asset using Guid(2e00748cc4924de42a59e142923a3df8) Importer(2089858483,0ecaa5967403d082aa24f35e1b516d23) [PhysX] Initialized MultithreadedTaskDispatcher with 24 workers.
 -> (artifact id: '1f0b0f6e22cc6e7148948c3bfffb65db') in 0.006908 seconds
Number of updated asset objects reloaded before import = 0
Number of asset objects unloaded after import = 3
========================================================================
Received Import Request.
  Time since last request: 0.000015 seconds.
  path: Assets/Cainos/Pixel Art Top Down - Basic/Tile Palette/TP Stone Ground/TX Tileset Stone Ground_9.asset
  artifactKey: Guid(f5945c4f4a016ae419bd0fb1152e2d1a) Importer(2089858483,0ecaa5967403d082aa24f35e1b516d23)
Start importing Assets/Cainos/Pixel Art Top Down - Basic/Tile Palette/TP Stone Ground/TX Tileset Stone Ground_9.asset using Guid(f5945c4f4a016ae419bd0fb1152e2d1a) Importer(2089858483,0ecaa5967403d082aa24f35e1b516d23) [PhysX] Initialized MultithreadedTaskDispatcher with 24 workers.
 -> (artifact id: 'fbdb9d9bb8a8b9215560ac44606bc793') in 0.008837 seconds
Number of updated asset objects reloaded before import = 0
Number of asset objects unloaded after import = 3
========================================================================
Received Import Request.
  Time since last request: 0.000026 seconds.
  path: Assets/Cainos/Pixel Art Top Down - Basic/Tile Palette/TP Grass/TX Tileset Grass Pavement 7.asset
  artifactKey: Guid(bcf612aaeb488bf48b64a976b440426d) Importer(2089858483,0ecaa5967403d082aa24f35e1b516d23)
Start importing Assets/Cainos/Pixel Art Top Down - Basic/Tile Palette/TP Grass/TX Tileset Grass Pavement 7.asset using Guid(bcf612aaeb488bf48b64a976b440426d) Importer(2089858483,0ecaa5967403d082aa24f35e1b516d23) [PhysX] Initialized MultithreadedTaskDispatcher with 24 workers.
 -> (artifact id: '736b168a226a696be57c07baccb8a56c') in 0.007458 seconds
Number of updated asset objects reloaded before import = 0
Number of asset objects unloaded after import = 3
========================================================================
Received Import Request.
  Time since last request: 0.000018 seconds.
  path: Assets/Cainos/Pixel Art Top Down - Basic/Tile Palette/TP Stone Ground/TX Tileset Stone Ground_36.asset
  artifactKey: Guid(08729fe3592aecd4d952bd7f066c45bb) Importer(2089858483,0ecaa5967403d082aa24f35e1b516d23)
Start importing Assets/Cainos/Pixel Art Top Down - Basic/Tile Palette/TP Stone Ground/TX Tileset Stone Ground_36.asset using Guid(08729fe3592aecd4d952bd7f066c45bb) Importer(2089858483,0ecaa5967403d082aa24f35e1b516d23) [PhysX] Initialized MultithreadedTaskDispatcher with 24 workers.
 -> (artifact id: 'd50441d2e74236f18d73e7f82f65fbae') in 0.008856 seconds
Number of updated asset objects reloaded before import = 0
Number of asset objects unloaded after import = 3
========================================================================
Received Import Request.
  Time since last request: 0.000021 seconds.
  path: Assets/Cainos/Pixel Art Top Down - Basic/Tile Palette/TP Stone Ground/TX Tileset Stone Ground_35.asset
  artifactKey: Guid(009f3593fa7376e41a0729c7f4181615) Importer(2089858483,0ecaa5967403d082aa24f35e1b516d23)
Start importing Assets/Cainos/Pixel Art Top Down - Basic/Tile Palette/TP Stone Ground/TX Tileset Stone Ground_35.asset using Guid(009f3593fa7376e41a0729c7f4181615) Importer(2089858483,0ecaa5967403d082aa24f35e1b516d23) [PhysX] Initialized MultithreadedTaskDispatcher with 24 workers.
 -> (artifact id: '251499df4f5c4458ed72556543538ca7') in 0.010336 seconds
Number of updated asset objects reloaded before import = 0
Number of asset objects unloaded after import = 3
========================================================================
Received Import Request.
  Time since last request: 0.000018 seconds.
  path: Assets/Cainos/Pixel Art Top Down - Basic/Tile Palette/TP Stone Ground/TX Tileset Stone Ground_44.asset
  artifactKey: Guid(f1c4920ad7c362d43bab5a55f8ba298c) Importer(2089858483,0ecaa5967403d082aa24f35e1b516d23)
Start importing Assets/Cainos/Pixel Art Top Down - Basic/Tile Palette/TP Stone Ground/TX Tileset Stone Ground_44.asset using Guid(f1c4920ad7c362d43bab5a55f8ba298c) Importer(2089858483,0ecaa5967403d082aa24f35e1b516d23) [PhysX] Initialized MultithreadedTaskDispatcher with 24 workers.
 -> (artifact id: 'c61ae31e08e8efee9f00aa4198d56c6f') in 0.007908 seconds
Number of updated asset objects reloaded before import = 0
Number of asset objects unloaded after import = 3
========================================================================
Received Import Request.
  Time since last request: 0.000020 seconds.
  path: Assets/Cainos/Pixel Art Top Down - Basic/Tile Palette/TP Stone Ground/TX Tileset Stone Ground_40.asset
  artifactKey: Guid(2ac4fa2270a94754983309b20b7796ed) Importer(2089858483,0ecaa5967403d082aa24f35e1b516d23)
Start importing Assets/Cainos/Pixel Art Top Down - Basic/Tile Palette/TP Stone Ground/TX Tileset Stone Ground_40.asset using Guid(2ac4fa2270a94754983309b20b7796ed) Importer(2089858483,0ecaa5967403d082aa24f35e1b516d23) [PhysX] Initialized MultithreadedTaskDispatcher with 24 workers.
 -> (artifact id: '46d824a04becf469f658f3f6671a4e57') in 0.006466 seconds
Number of updated asset objects reloaded before import = 0
Number of asset objects unloaded after import = 3
========================================================================
Received Import Request.
  Time since last request: 0.000020 seconds.
  path: Assets/Cainos/Pixel Art Top Down - Basic/Tile Palette/TP Stone Ground/TX Tileset Stone Ground_16.asset
  artifactKey: Guid(9adc64847915fb44dbb13ed54821f7f3) Importer(2089858483,0ecaa5967403d082aa24f35e1b516d23)
Start importing Assets/Cainos/Pixel Art Top Down - Basic/Tile Palette/TP Stone Ground/TX Tileset Stone Ground_16.asset using Guid(9adc64847915fb44dbb13ed54821f7f3) Importer(2089858483,0ecaa5967403d082aa24f35e1b516d23) [PhysX] Initialized MultithreadedTaskDispatcher with 24 workers.
 -> (artifact id: 'e6ec0025977e3f58eff6e430861c4d47') in 0.008641 seconds
Number of updated asset objects reloaded before import = 0
Number of asset objects unloaded after import = 3
========================================================================
Received Import Request.
  Time since last request: 0.000019 seconds.
  path: Assets/Cainos/Pixel Art Top Down - Basic/Tile Palette/TP Stone Ground/TX Tileset Stone Ground_19.asset
  artifactKey: Guid(aa3cf940d6b4d604d891140dfd9d0677) Importer(2089858483,0ecaa5967403d082aa24f35e1b516d23)
Start importing Assets/Cainos/Pixel Art Top Down - Basic/Tile Palette/TP Stone Ground/TX Tileset Stone Ground_19.asset using Guid(aa3cf940d6b4d604d891140dfd9d0677) Importer(2089858483,0ecaa5967403d082aa24f35e1b516d23) [PhysX] Initialized MultithreadedTaskDispatcher with 24 workers.
 -> (artifact id: '7a8cd1d2d5e2b18e82f51fe9bf326385') in 0.006713 seconds
Number of updated asset objects reloaded before import = 0
Number of asset objects unloaded after import = 3
========================================================================
Received Import Request.
  Time since last request: 0.000019 seconds.
  path: Assets/Cainos/Pixel Art Top Down - Basic/Tile Palette/TP Stone Ground/TX Tileset Stone Ground_13.asset
  artifactKey: Guid(9c5fb1582d999bc4b83efb5c4bd7b71b) Importer(2089858483,0ecaa5967403d082aa24f35e1b516d23)
Start importing Assets/Cainos/Pixel Art Top Down - Basic/Tile Palette/TP Stone Ground/TX Tileset Stone Ground_13.asset using Guid(9c5fb1582d999bc4b83efb5c4bd7b71b) Importer(2089858483,0ecaa5967403d082aa24f35e1b516d23) [PhysX] Initialized MultithreadedTaskDispatcher with 24 workers.
 -> (artifact id: '2ed4802d2f02ad1f7e20ba864432ccfa') in 0.008482 seconds
Number of updated asset objects reloaded before import = 0
Number of asset objects unloaded after import = 3
========================================================================
Received Import Request.
  Time since last request: 0.000021 seconds.
  path: Assets/Cainos/Pixel Art Top Down - Basic/Tile Palette/TP Stone Ground/TX Tileset Stone Ground_49.asset
  artifactKey: Guid(d10c0d9020c08704a8956f246436fdb3) Importer(2089858483,0ecaa5967403d082aa24f35e1b516d23)
Start importing Assets/Cainos/Pixel Art Top Down - Basic/Tile Palette/TP Stone Ground/TX Tileset Stone Ground_49.asset using Guid(d10c0d9020c08704a8956f246436fdb3) Importer(2089858483,0ecaa5967403d082aa24f35e1b516d23) [PhysX] Initialized MultithreadedTaskDispatcher with 24 workers.
 -> (artifact id: '8dff642054c06b0779d69cf81a4adcf9') in 0.007369 seconds
Number of updated asset objects reloaded before import = 0
Number of asset objects unloaded after import = 3
========================================================================
Received Import Request.
  Time since last request: 0.000018 seconds.
  path: Assets/Cainos/Pixel Art Top Down - Basic/Tile Palette/TP Stone Ground/TX Tileset Stone Ground_8.asset
  artifactKey: Guid(5107c39f6afd46a4ebd538297bc40b5e) Importer(2089858483,0ecaa5967403d082aa24f35e1b516d23)
Start importing Assets/Cainos/Pixel Art Top Down - Basic/Tile Palette/TP Stone Ground/TX Tileset Stone Ground_8.asset using Guid(5107c39f6afd46a4ebd538297bc40b5e) Importer(2089858483,0ecaa5967403d082aa24f35e1b516d23) [PhysX] Initialized MultithreadedTaskDispatcher with 24 workers.
 -> (artifact id: '83abbee23b0bc29c27f9b94c9bd5e581') in 0.007324 seconds
Number of updated asset objects reloaded before import = 0
Number of asset objects unloaded after import = 3
========================================================================
Received Import Request.
  Time since last request: 0.000025 seconds.
  path: Assets/Cainos/Pixel Art Top Down - Basic/Tile Palette/TP Stone Ground/TX Tileset Stone Ground_22.asset
  artifactKey: Guid(465893449d5293b4eb51f98fe4b64102) Importer(2089858483,0ecaa5967403d082aa24f35e1b516d23)
Start importing Assets/Cainos/Pixel Art Top Down - Basic/Tile Palette/TP Stone Ground/TX Tileset Stone Ground_22.asset using Guid(465893449d5293b4eb51f98fe4b64102) Importer(2089858483,0ecaa5967403d082aa24f35e1b516d23) [PhysX] Initialized MultithreadedTaskDispatcher with 24 workers.
 -> (artifact id: '42bea96544cd5debb875be1ebea1dd11') in 0.010186 seconds
Number of updated asset objects reloaded before import = 0
Number of asset objects unloaded after import = 3
========================================================================
Received Import Request.
  Time since last request: 0.000028 seconds.
  path: Assets/Cainos/Pixel Art Top Down - Basic/Tile Palette/TP Grass/TX Tileset Grass_55.asset
  artifactKey: Guid(7545dac8dcb9b6a48aa8ff5fd623e811) Importer(2089858483,0ecaa5967403d082aa24f35e1b516d23)
Start importing Assets/Cainos/Pixel Art Top Down - Basic/Tile Palette/TP Grass/TX Tileset Grass_55.asset using Guid(7545dac8dcb9b6a48aa8ff5fd623e811) Importer(2089858483,0ecaa5967403d082aa24f35e1b516d23) [PhysX] Initialized MultithreadedTaskDispatcher with 24 workers.
 -> (artifact id: 'eab29d78cb97471945bc813bdb508b04') in 0.006213 seconds
Number of updated asset objects reloaded before import = 0
Number of asset objects unloaded after import = 3
========================================================================
Received Import Request.
  Time since last request: 0.000016 seconds.
  path: Assets/Cainos/Pixel Art Top Down - Basic/Tile Palette/TP Stone Ground/TX Tileset Stone Ground_4.asset
  artifactKey: Guid(9ddec2508ba86d049ad1a5db035fccd9) Importer(2089858483,0ecaa5967403d082aa24f35e1b516d23)
Start importing Assets/Cainos/Pixel Art Top Down - Basic/Tile Palette/TP Stone Ground/TX Tileset Stone Ground_4.asset using Guid(9ddec2508ba86d049ad1a5db035fccd9) Importer(2089858483,0ecaa5967403d082aa24f35e1b516d23) [PhysX] Initialized MultithreadedTaskDispatcher with 24 workers.
 -> (artifact id: '71f8bb8efad82b7f72763be15bde13b1') in 0.006245 seconds
Number of updated asset objects reloaded before import = 0
Number of asset objects unloaded after import = 3
========================================================================
Received Import Request.
  Time since last request: 0.000013 seconds.
  path: Assets/Cainos/Pixel Art Top Down - Basic/Tile Palette/TP Stone Ground/TX Tileset Stone Ground_45.asset
  artifactKey: Guid(a959b762bdf49ed4ebbf171ad48d89df) Importer(2089858483,0ecaa5967403d082aa24f35e1b516d23)
Start importing Assets/Cainos/Pixel Art Top Down - Basic/Tile Palette/TP Stone Ground/TX Tileset Stone Ground_45.asset using Guid(a959b762bdf49ed4ebbf171ad48d89df) Importer(2089858483,0ecaa5967403d082aa24f35e1b516d23) [PhysX] Initialized MultithreadedTaskDispatcher with 24 workers.
 -> (artifact id: 'a99c6c9de7bffc1598da7dc0b6ed144f') in 0.006313 seconds
Number of updated asset objects reloaded before import = 0
Number of asset objects unloaded after import = 3
========================================================================
Received Import Request.
  Time since last request: 0.000017 seconds.
  path: Assets/Cainos/Pixel Art Top Down - Basic/Tile Palette/TP Stone Ground/TX Tileset Stone Ground_46.asset
  artifactKey: Guid(34c4a150aba65a2479c36b372053f984) Importer(2089858483,0ecaa5967403d082aa24f35e1b516d23)
Start importing Assets/Cainos/Pixel Art Top Down - Basic/Tile Palette/TP Stone Ground/TX Tileset Stone Ground_46.asset using Guid(34c4a150aba65a2479c36b372053f984) Importer(2089858483,0ecaa5967403d082aa24f35e1b516d23) [PhysX] Initialized MultithreadedTaskDispatcher with 24 workers.
 -> (artifact id: '791baad79788544b665b4ed52c26d552') in 0.006624 seconds
Number of updated asset objects reloaded before import = 0
Number of asset objects unloaded after import = 3
========================================================================
Received Import Request.
  Time since last request: 0.000014 seconds.
  path: Assets/Cainos/Pixel Art Top Down - Basic/Tile Palette/TP Stone Ground/TX Tileset Stone Ground_6.asset
  artifactKey: Guid(2bde7eb56ca3a194a9f9f0120251c1d2) Importer(2089858483,0ecaa5967403d082aa24f35e1b516d23)
Start importing Assets/Cainos/Pixel Art Top Down - Basic/Tile Palette/TP Stone Ground/TX Tileset Stone Ground_6.asset using Guid(2bde7eb56ca3a194a9f9f0120251c1d2) Importer(2089858483,0ecaa5967403d082aa24f35e1b516d23) [PhysX] Initialized MultithreadedTaskDispatcher with 24 workers.
 -> (artifact id: '8c6d77f6867af77e767966caceda8d2e') in 0.005588 seconds
Number of updated asset objects reloaded before import = 0
Number of asset objects unloaded after import = 3
========================================================================
Received Import Request.
  Time since last request: 0.000013 seconds.
  path: Assets/Cainos/Pixel Art Top Down - Basic/Tile Palette/TP Grass/TX Tileset Grass Pavement 6.asset
  artifactKey: Guid(1eb88b0997574584f9e6103018404c4c) Importer(2089858483,0ecaa5967403d082aa24f35e1b516d23)
Start importing Assets/Cainos/Pixel Art Top Down - Basic/Tile Palette/TP Grass/TX Tileset Grass Pavement 6.asset using Guid(1eb88b0997574584f9e6103018404c4c) Importer(2089858483,0ecaa5967403d082aa24f35e1b516d23) [PhysX] Initialized MultithreadedTaskDispatcher with 24 workers.
 -> (artifact id: 'b28d81af01419a7d69de1a3e4d2896da') in 0.006672 seconds
Number of updated asset objects reloaded before import = 0
Number of asset objects unloaded after import = 3
========================================================================
Received Import Request.
  Time since last request: 0.000017 seconds.
  path: Assets/Cainos/Pixel Art Top Down - Basic/Tile Palette/TP Wall/TX Shadow Tileset Wall 1.asset
  artifactKey: Guid(89be3abc25335b342b0424693ef088a8) Importer(2089858483,0ecaa5967403d082aa24f35e1b516d23)
Start importing Assets/Cainos/Pixel Art Top Down - Basic/Tile Palette/TP Wall/TX Shadow Tileset Wall 1.asset using Guid(89be3abc25335b342b0424693ef088a8) Importer(2089858483,0ecaa5967403d082aa24f35e1b516d23) [PhysX] Initialized MultithreadedTaskDispatcher with 24 workers.
 -> (artifact id: '8fe69e23fa275b17951be15256853d96') in 0.006383 seconds
Number of updated asset objects reloaded before import = 0
Number of asset objects unloaded after import = 3
========================================================================
Received Import Request.
  Time since last request: 0.000097 seconds.
  path: Assets/Cainos/Pixel Art Top Down - Basic/Tile Palette/TP Stone Ground/TX Tileset Stone Ground_37.asset
  artifactKey: Guid(51fb58566819d2b40acbadd50bc4bfe9) Importer(2089858483,0ecaa5967403d082aa24f35e1b516d23)
Start importing Assets/Cainos/Pixel Art Top Down - Basic/Tile Palette/TP Stone Ground/TX Tileset Stone Ground_37.asset using Guid(51fb58566819d2b40acbadd50bc4bfe9) Importer(2089858483,0ecaa5967403d082aa24f35e1b516d23) [PhysX] Initialized MultithreadedTaskDispatcher with 24 workers.
 -> (artifact id: '042e4a2234065959c324a2fb3bb65236') in 0.006312 seconds
Number of updated asset objects reloaded before import = 0
Number of asset objects unloaded after import = 3
========================================================================
Received Import Request.
  Time since last request: 0.000017 seconds.
  path: Assets/Cainos/Pixel Art Top Down - Basic/Tile Palette/TP Stone Ground/TX Tileset Stone Ground_39.asset
  artifactKey: Guid(15dd07e381bfec6488f6da823213e8b2) Importer(2089858483,0ecaa5967403d082aa24f35e1b516d23)
Start importing Assets/Cainos/Pixel Art Top Down - Basic/Tile Palette/TP Stone Ground/TX Tileset Stone Ground_39.asset using Guid(15dd07e381bfec6488f6da823213e8b2) Importer(2089858483,0ecaa5967403d082aa24f35e1b516d23) [PhysX] Initialized MultithreadedTaskDispatcher with 24 workers.
 -> (artifact id: '7662523885dcb09243ef39e0be1c3f93') in 0.007237 seconds
Number of updated asset objects reloaded before import = 0
Number of asset objects unloaded after import = 3
========================================================================
Received Import Request.
  Time since last request: 0.000014 seconds.
  path: Assets/Cainos/Pixel Art Top Down - Basic/Tile Palette/TP Grass/TX Tileset Grass_44.asset
  artifactKey: Guid(9130f7ce4b1b90146940f55caf75275d) Importer(2089858483,0ecaa5967403d082aa24f35e1b516d23)
Start importing Assets/Cainos/Pixel Art Top Down - Basic/Tile Palette/TP Grass/TX Tileset Grass_44.asset using Guid(9130f7ce4b1b90146940f55caf75275d) Importer(2089858483,0ecaa5967403d082aa24f35e1b516d23) [PhysX] Initialized MultithreadedTaskDispatcher with 24 workers.
 -> (artifact id: '22de81fa5b2f1eedb6588eb01623136c') in 0.004152 seconds
Number of updated asset objects reloaded before import = 0
Number of asset objects unloaded after import = 3
========================================================================
Received Import Request.
  Time since last request: 0.000014 seconds.
  path: Assets/Cainos/Pixel Art Top Down - Basic/Tile Palette/TP Grass/TX Tileset Grass_50.asset
  artifactKey: Guid(fc84b2b02e60d1546a8a75ba64b5d5f1) Importer(2089858483,0ecaa5967403d082aa24f35e1b516d23)
Start importing Assets/Cainos/Pixel Art Top Down - Basic/Tile Palette/TP Grass/TX Tileset Grass_50.asset using Guid(fc84b2b02e60d1546a8a75ba64b5d5f1) Importer(2089858483,0ecaa5967403d082aa24f35e1b516d23) [PhysX] Initialized MultithreadedTaskDispatcher with 24 workers.
 -> (artifact id: 'e8c01595723141a0ee6248571b0f631f') in 0.004047 seconds
Number of updated asset objects reloaded before import = 0
Number of asset objects unloaded after import = 3
========================================================================
Received Import Request.
  Time since last request: 0.000029 seconds.
  path: Assets/Cainos/Pixel Art Top Down - Basic/Tile Palette/TP Grass/TX Tileset Grass_63.asset
  artifactKey: Guid(cce0a8110310275428a80445dd873364) Importer(2089858483,0ecaa5967403d082aa24f35e1b516d23)
Start importing Assets/Cainos/Pixel Art Top Down - Basic/Tile Palette/TP Grass/TX Tileset Grass_63.asset using Guid(cce0a8110310275428a80445dd873364) Importer(2089858483,0ecaa5967403d082aa24f35e1b516d23) [PhysX] Initialized MultithreadedTaskDispatcher with 24 workers.
 -> (artifact id: 'd8fa6a6e9f014a03a9f9e75c7bac09ff') in 0.004345 seconds
Number of updated asset objects reloaded before import = 0
Number of asset objects unloaded after import = 3
========================================================================
Received Import Request.
  Time since last request: 0.000013 seconds.
  path: Assets/Cainos/Pixel Art Top Down - Basic/Tile Palette/TP Stone Ground/TX Tileset Stone Ground_30.asset
  artifactKey: Guid(ff09438222d182d478c56becdab860de) Importer(2089858483,0ecaa5967403d082aa24f35e1b516d23)
Start importing Assets/Cainos/Pixel Art Top Down - Basic/Tile Palette/TP Stone Ground/TX Tileset Stone Ground_30.asset using Guid(ff09438222d182d478c56becdab860de) Importer(2089858483,0ecaa5967403d082aa24f35e1b516d23) [PhysX] Initialized MultithreadedTaskDispatcher with 24 workers.
 -> (artifact id: '98a45e9c82aee198a0a700f5b1bc2e5f') in 0.004404 seconds
Number of updated asset objects reloaded before import = 0
Number of asset objects unloaded after import = 3
========================================================================
Received Import Request.
  Time since last request: 0.000013 seconds.
  path: Assets/Cainos/Pixel Art Top Down - Basic/Tile Palette/TP Stone Ground/TX Tileset Stone Ground_17.asset
  artifactKey: Guid(f73c8ba870a97f54fba502193d31f6e3) Importer(2089858483,0ecaa5967403d082aa24f35e1b516d23)
Start importing Assets/Cainos/Pixel Art Top Down - Basic/Tile Palette/TP Stone Ground/TX Tileset Stone Ground_17.asset using Guid(f73c8ba870a97f54fba502193d31f6e3) Importer(2089858483,0ecaa5967403d082aa24f35e1b516d23) [PhysX] Initialized MultithreadedTaskDispatcher with 24 workers.
 -> (artifact id: 'ce1f4840eaa28033e1497736770f38cb') in 0.004875 seconds
Number of updated asset objects reloaded before import = 0
Number of asset objects unloaded after import = 3
========================================================================
Received Import Request.
  Time since last request: 0.000014 seconds.
  path: Assets/Cainos/Pixel Art Top Down - Basic/Tile Palette/TP Stone Ground/TX Tileset Stone Ground_33.asset
  artifactKey: Guid(ff83bcee22058b444908a98277d998c1) Importer(2089858483,0ecaa5967403d082aa24f35e1b516d23)
Start importing Assets/Cainos/Pixel Art Top Down - Basic/Tile Palette/TP Stone Ground/TX Tileset Stone Ground_33.asset using Guid(ff83bcee22058b444908a98277d998c1) Importer(2089858483,0ecaa5967403d082aa24f35e1b516d23) [PhysX] Initialized MultithreadedTaskDispatcher with 24 workers.
 -> (artifact id: '1b16c98bed04a23dfe4c7cd56f94d291') in 0.006560 seconds
Number of updated asset objects reloaded before import = 0
Number of asset objects unloaded after import = 3
========================================================================
Received Import Request.
  Time since last request: 0.000018 seconds.
  path: Assets/Cainos/Pixel Art Top Down - Basic/Tile Palette/TP Stone Ground/TX Tileset Stone Ground_11.asset
  artifactKey: Guid(58ecfed316f7f6e4eb4335ccee5a605f) Importer(2089858483,0ecaa5967403d082aa24f35e1b516d23)
Start importing Assets/Cainos/Pixel Art Top Down - Basic/Tile Palette/TP Stone Ground/TX Tileset Stone Ground_11.asset using Guid(58ecfed316f7f6e4eb4335ccee5a605f) Importer(2089858483,0ecaa5967403d082aa24f35e1b516d23) [PhysX] Initialized MultithreadedTaskDispatcher with 24 workers.
 -> (artifact id: 'a841a550ef26a7289502b11eda44daeb') in 0.005880 seconds
Number of updated asset objects reloaded before import = 0
Number of asset objects unloaded after import = 3
========================================================================
Received Import Request.
  Time since last request: 0.000016 seconds.
  path: Assets/Cainos/Pixel Art Top Down - Basic/Tile Palette/TP Stone Ground/TX Tileset Stone Ground_26.asset
  artifactKey: Guid(2074032077ed0f24da0353a406726e3b) Importer(2089858483,0ecaa5967403d082aa24f35e1b516d23)
Start importing Assets/Cainos/Pixel Art Top Down - Basic/Tile Palette/TP Stone Ground/TX Tileset Stone Ground_26.asset using Guid(2074032077ed0f24da0353a406726e3b) Importer(2089858483,0ecaa5967403d082aa24f35e1b516d23) [PhysX] Initialized MultithreadedTaskDispatcher with 24 workers.
 -> (artifact id: '6f12b4127007ab85a79af444fe883188') in 0.006295 seconds
Number of updated asset objects reloaded before import = 0
Number of asset objects unloaded after import = 3
========================================================================
Received Import Request.
  Time since last request: 0.000017 seconds.
  path: Assets/Cainos/Pixel Art Top Down - Basic/Tile Palette/TP Stone Ground/TX Tileset Stone Ground_1.asset
  artifactKey: Guid(25ecd62c3dae4eb418ab0ff556e51195) Importer(2089858483,0ecaa5967403d082aa24f35e1b516d23)
Start importing Assets/Cainos/Pixel Art Top Down - Basic/Tile Palette/TP Stone Ground/TX Tileset Stone Ground_1.asset using Guid(25ecd62c3dae4eb418ab0ff556e51195) Importer(2089858483,0ecaa5967403d082aa24f35e1b516d23) [PhysX] Initialized MultithreadedTaskDispatcher with 24 workers.
 -> (artifact id: '4d497a678e0b82d4f3eef8490e13736d') in 0.010457 seconds
Number of updated asset objects reloaded before import = 0
Number of asset objects unloaded after import = 3
========================================================================
Received Import Request.
  Time since last request: 0.000021 seconds.
  path: Assets/Cainos/Pixel Art Top Down - Basic/Tile Palette/TP Grass/TX Tileset Grass_61.asset
  artifactKey: Guid(780dbc86f9d96cb4ea6eb80cedc5297f) Importer(2089858483,0ecaa5967403d082aa24f35e1b516d23)
Start importing Assets/Cainos/Pixel Art Top Down - Basic/Tile Palette/TP Grass/TX Tileset Grass_61.asset using Guid(780dbc86f9d96cb4ea6eb80cedc5297f) Importer(2089858483,0ecaa5967403d082aa24f35e1b516d23) [PhysX] Initialized MultithreadedTaskDispatcher with 24 workers.
 -> (artifact id: 'fcc683855511729993a0300dbc5f6637') in 0.005533 seconds
Number of updated asset objects reloaded before import = 0
Number of asset objects unloaded after import = 3
========================================================================
Received Import Request.
  Time since last request: 0.000024 seconds.
  path: Assets/Cainos/Pixel Art Top Down - Basic/Tile Palette/TP Stone Ground/TX Tileset Stone Ground_31.asset
  artifactKey: Guid(25c5faa948898434db81d53c701fd51e) Importer(2089858483,0ecaa5967403d082aa24f35e1b516d23)
Start importing Assets/Cainos/Pixel Art Top Down - Basic/Tile Palette/TP Stone Ground/TX Tileset Stone Ground_31.asset using Guid(25c5faa948898434db81d53c701fd51e) Importer(2089858483,0ecaa5967403d082aa24f35e1b516d23) [PhysX] Initialized MultithreadedTaskDispatcher with 24 workers.
 -> (artifact id: 'a68534fb5103631920b7547a90c4e0bd') in 0.006287 seconds
Number of updated asset objects reloaded before import = 0
Number of asset objects unloaded after import = 3
========================================================================
Received Import Request.
  Time since last request: 0.000019 seconds.
  path: Assets/Brackeys/2D Mega Pack/UI/ItemPoolFrame.png
  artifactKey: Guid(9e81f1d2291050f49bab39ec9fd0bbce) Importer(2089858483,0ecaa5967403d082aa24f35e1b516d23)
Start importing Assets/Brackeys/2D Mega Pack/UI/ItemPoolFrame.png using Guid(9e81f1d2291050f49bab39ec9fd0bbce) Importer(2089858483,0ecaa5967403d082aa24f35e1b516d23) [PhysX] Initialized MultithreadedTaskDispatcher with 24 workers.
 -> (artifact id: '753a7b119e4f6255cb3c421ca687f236') in 0.014342 seconds
Number of updated asset objects reloaded before import = 0
Number of asset objects unloaded after import = 3
========================================================================
Received Import Request.
  Time since last request: 0.000026 seconds.
  path: Assets/Brackeys/2D Mega Pack/Backgrounds/BrickBackground.png
  artifactKey: Guid(fdfb3796a96b09f45b7ed20555d95926) Importer(2089858483,0ecaa5967403d082aa24f35e1b516d23)
Start importing Assets/Brackeys/2D Mega Pack/Backgrounds/BrickBackground.png using Guid(fdfb3796a96b09f45b7ed20555d95926) Importer(2089858483,0ecaa5967403d082aa24f35e1b516d23) [PhysX] Initialized MultithreadedTaskDispatcher with 24 workers.
 -> (artifact id: 'b9ea5535b2e2e172f280878b572fd502') in 0.013234 seconds
Number of updated asset objects reloaded before import = 0
Number of asset objects unloaded after import = 3
========================================================================
Received Import Request.
  Time since last request: 0.000021 seconds.
  path: Assets/TextMesh Pro/Shaders/TMP_SDF-Surface-Mobile.shader
  artifactKey: Guid(85187c2149c549c5b33f0cdb02836b17) Importer(2089858483,0ecaa5967403d082aa24f35e1b516d23)
Start importing Assets/TextMesh Pro/Shaders/TMP_SDF-Surface-Mobile.shader using Guid(85187c2149c549c5b33f0cdb02836b17) Importer(2089858483,0ecaa5967403d082aa24f35e1b516d23) [PhysX] Initialized MultithreadedTaskDispatcher with 24 workers.
 -> (artifact id: 'a6eb44300c49d0d6eeff6a57b8cbb863') in 0.005371 seconds
Number of updated asset objects reloaded before import = 0
Number of asset objects unloaded after import = 1
========================================================================
Received Import Request.
  Time since last request: 0.000017 seconds.
  path: Assets/Cainos/Pixel Art Top Down - Basic/Tile Palette/TP Wall/TX Tileset Wall_7.asset
  artifactKey: Guid(efe5594aca34f2745a57662f43377928) Importer(2089858483,0ecaa5967403d082aa24f35e1b516d23)
Start importing Assets/Cainos/Pixel Art Top Down - Basic/Tile Palette/TP Wall/TX Tileset Wall_7.asset using Guid(efe5594aca34f2745a57662f43377928) Importer(2089858483,0ecaa5967403d082aa24f35e1b516d23) [PhysX] Initialized MultithreadedTaskDispatcher with 24 workers.
 -> (artifact id: 'e226b968a8ee1cf364ba45b803c0d4d4') in 0.007419 seconds
Number of updated asset objects reloaded before import = 0
Number of asset objects unloaded after import = 3
========================================================================
Received Import Request.
  Time since last request: 0.000021 seconds.
  path: Assets/Cainos/Pixel Art Top Down - Basic/Tile Palette/TP Wall/TX Tileset Wall_22.asset
  artifactKey: Guid(2af854022baea474ba380cc6be59d552) Importer(2089858483,0ecaa5967403d082aa24f35e1b516d23)
Start importing Assets/Cainos/Pixel Art Top Down - Basic/Tile Palette/TP Wall/TX Tileset Wall_22.asset using Guid(2af854022baea474ba380cc6be59d552) Importer(2089858483,0ecaa5967403d082aa24f35e1b516d23) [PhysX] Initialized MultithreadedTaskDispatcher with 24 workers.
 -> (artifact id: '085729ae909b95a50526d9f0b2c23784') in 0.010904 seconds
Number of updated asset objects reloaded before import = 0
Number of asset objects unloaded after import = 3
========================================================================
Received Import Request.
  Time since last request: 0.000023 seconds.
  path: Assets/Cainos/Pixel Art Top Down - Basic/Tile Palette/TP Wall/TX Tileset Wall_53.asset
  artifactKey: Guid(60fe87e379223bd4ca197f2113bf4448) Importer(2089858483,0ecaa5967403d082aa24f35e1b516d23)
Start importing Assets/Cainos/Pixel Art Top Down - Basic/Tile Palette/TP Wall/TX Tileset Wall_53.asset using Guid(60fe87e379223bd4ca197f2113bf4448) Importer(2089858483,0ecaa5967403d082aa24f35e1b516d23) [PhysX] Initialized MultithreadedTaskDispatcher with 24 workers.
 -> (artifact id: '3ac013bc60eeb93612a5b16e18272417') in 0.008028 seconds
Number of updated asset objects reloaded before import = 0
Number of asset objects unloaded after import = 3
========================================================================
Received Import Request.
  Time since last request: 0.000021 seconds.
  path: Assets/Cainos/Pixel Art Top Down - Basic/Tile Palette/TP Wall/TX Tileset Wall_54.asset
  artifactKey: Guid(4c98f0c7991a6af4784c33b1da8d20c3) Importer(2089858483,0ecaa5967403d082aa24f35e1b516d23)
Start importing Assets/Cainos/Pixel Art Top Down - Basic/Tile Palette/TP Wall/TX Tileset Wall_54.asset using Guid(4c98f0c7991a6af4784c33b1da8d20c3) Importer(2089858483,0ecaa5967403d082aa24f35e1b516d23) [PhysX] Initialized MultithreadedTaskDispatcher with 24 workers.
 -> (artifact id: 'adf607253df99d054186921a2051a998') in 0.006458 seconds
Number of updated asset objects reloaded before import = 0
Number of asset objects unloaded after import = 3
========================================================================
Received Import Request.
  Time since last request: 0.000020 seconds.
  path: Assets/Brackeys/2D Mega Pack/Characters/Animation/Detective/Detective_Jump.anim
  artifactKey: Guid(cc4e44197c1bfa648ba628e31c249182) Importer(2089858483,0ecaa5967403d082aa24f35e1b516d23)
Start importing Assets/Brackeys/2D Mega Pack/Characters/Animation/Detective/Detective_Jump.anim using Guid(cc4e44197c1bfa648ba628e31c249182) Importer(2089858483,0ecaa5967403d082aa24f35e1b516d23) [PhysX] Initialized MultithreadedTaskDispatcher with 24 workers.
 -> (artifact id: '659ecf96ca9b62471f88e3ba09dafedf') in 0.006873 seconds
Number of updated asset objects reloaded before import = 0
Number of asset objects unloaded after import = 1
========================================================================
Received Import Request.
  Time since last request: 0.000106 seconds.
  path: Assets/Cainos/Pixel Art Top Down - Basic/Tile Palette/TP Wall/TX Tileset Wall_49.asset
  artifactKey: Guid(0746a94badf11734cb00883121ea7f96) Importer(2089858483,0ecaa5967403d082aa24f35e1b516d23)
Start importing Assets/Cainos/Pixel Art Top Down - Basic/Tile Palette/TP Wall/TX Tileset Wall_49.asset using Guid(0746a94badf11734cb00883121ea7f96) Importer(2089858483,0ecaa5967403d082aa24f35e1b516d23) [PhysX] Initialized MultithreadedTaskDispatcher with 24 workers.
 -> (artifact id: 'c04277022dcef44292e78f17fe5e5b6f') in 0.007873 seconds
Number of updated asset objects reloaded before import = 0
Number of asset objects unloaded after import = 3
========================================================================
Received Import Request.
  Time since last request: 0.000021 seconds.
  path: Assets/Brackeys/2D Mega Pack/Characters/Blob Players/Animation/BlobPlayer_Pink_Land.anim
  artifactKey: Guid(3a7e87b5d65ed6246bdaec5214635e3e) Importer(2089858483,0ecaa5967403d082aa24f35e1b516d23)
Start importing Assets/Brackeys/2D Mega Pack/Characters/Blob Players/Animation/BlobPlayer_Pink_Land.anim using Guid(3a7e87b5d65ed6246bdaec5214635e3e) Importer(2089858483,0ecaa5967403d082aa24f35e1b516d23) [PhysX] Initialized MultithreadedTaskDispatcher with 24 workers.
 -> (artifact id: '9d0a873b5e330875e05b051ed9a6e960') in 0.007413 seconds
Number of updated asset objects reloaded before import = 0
Number of asset objects unloaded after import = 1
========================================================================
Received Import Request.
  Time since last request: 0.000020 seconds.
  path: Assets/Brackeys/2D Mega Pack/Characters/Animation/Detective/Detective_Flying.anim
  artifactKey: Guid(8442d6691bc32cf418545c8d850c1c74) Importer(2089858483,0ecaa5967403d082aa24f35e1b516d23)
Start importing Assets/Brackeys/2D Mega Pack/Characters/Animation/Detective/Detective_Flying.anim using Guid(8442d6691bc32cf418545c8d850c1c74) Importer(2089858483,0ecaa5967403d082aa24f35e1b516d23) [PhysX] Initialized MultithreadedTaskDispatcher with 24 workers.
 -> (artifact id: 'f892d19d0094e62e092827cc72e39d15') in 0.010657 seconds
Number of updated asset objects reloaded before import = 0
Number of asset objects unloaded after import = 1
========================================================================
Received Import Request.
  Time since last request: 0.000055 seconds.
  path: Assets/Cainos/Pixel Art Top Down - Basic/Tile Palette/TP Wall/TX Tileset Wall_28.asset
  artifactKey: Guid(18cbc117f3291f642b4ac9ca0aa22178) Importer(2089858483,0ecaa5967403d082aa24f35e1b516d23)
Start importing Assets/Cainos/Pixel Art Top Down - Basic/Tile Palette/TP Wall/TX Tileset Wall_28.asset using Guid(18cbc117f3291f642b4ac9ca0aa22178) Importer(2089858483,0ecaa5967403d082aa24f35e1b516d23) [PhysX] Initialized MultithreadedTaskDispatcher with 24 workers.
 -> (artifact id: 'ac8566aaf3bfcd7179c36d3f5c1d37e2') in 0.009222 seconds
Number of updated asset objects reloaded before import = 0
Number of asset objects unloaded after import = 3
========================================================================
Received Import Request.
  Time since last request: 0.000021 seconds.
  path: Assets/Cainos/Pixel Art Top Down - Basic/Tile Palette/TP Wall/TX Shadow Tileset Wall 4.asset
  artifactKey: Guid(e787fdd8f60de2c4eb002b7e8cd621fb) Importer(2089858483,0ecaa5967403d082aa24f35e1b516d23)
Start importing Assets/Cainos/Pixel Art Top Down - Basic/Tile Palette/TP Wall/TX Shadow Tileset Wall 4.asset using Guid(e787fdd8f60de2c4eb002b7e8cd621fb) Importer(2089858483,0ecaa5967403d082aa24f35e1b516d23) [PhysX] Initialized MultithreadedTaskDispatcher with 24 workers.
 -> (artifact id: '3e3847a6a22fe07f3c5e37330450297e') in 0.007704 seconds
Number of updated asset objects reloaded before import = 0
Number of asset objects unloaded after import = 3
========================================================================
Received Import Request.
  Time since last request: 0.000080 seconds.
  path: Assets/Cainos/Pixel Art Top Down - Basic/Tile Palette/TP Wall/TX Tileset Wall_30.asset
  artifactKey: Guid(5c0720cf3f2e0fd40ab1e12cd776ccdc) Importer(2089858483,0ecaa5967403d082aa24f35e1b516d23)
Start importing Assets/Cainos/Pixel Art Top Down - Basic/Tile Palette/TP Wall/TX Tileset Wall_30.asset using Guid(5c0720cf3f2e0fd40ab1e12cd776ccdc) Importer(2089858483,0ecaa5967403d082aa24f35e1b516d23) [PhysX] Initialized MultithreadedTaskDispatcher with 24 workers.
 -> (artifact id: 'c1a70b72a24ad2bfd85e56797ea5e6d2') in 0.007329 seconds
Number of updated asset objects reloaded before import = 0
Number of asset objects unloaded after import = 3
========================================================================
Received Import Request.
  Time since last request: 0.000021 seconds.
  path: Assets/Cainos/Pixel Art Top Down - Basic/Tile Palette/TP Wall/TX Tileset Wall_18.asset
  artifactKey: Guid(de17a1cff7186dc4e81bd03c2256da56) Importer(2089858483,0ecaa5967403d082aa24f35e1b516d23)
Start importing Assets/Cainos/Pixel Art Top Down - Basic/Tile Palette/TP Wall/TX Tileset Wall_18.asset using Guid(de17a1cff7186dc4e81bd03c2256da56) Importer(2089858483,0ecaa5967403d082aa24f35e1b516d23) [PhysX] Initialized MultithreadedTaskDispatcher with 24 workers.
 -> (artifact id: '20f85256049caea2d35f1b7a6d968585') in 0.007634 seconds
Number of updated asset objects reloaded before import = 0
Number of asset objects unloaded after import = 3
========================================================================
Received Import Request.
  Time since last request: 0.000017 seconds.
  path: Assets/Cainos/Pixel Art Top Down - Basic/Tile Palette/TP Wall/TX Tileset Wall_29.asset
  artifactKey: Guid(5cb2704116eff4443b949135e9fe07f9) Importer(2089858483,0ecaa5967403d082aa24f35e1b516d23)
Start importing Assets/Cainos/Pixel Art Top Down - Basic/Tile Palette/TP Wall/TX Tileset Wall_29.asset using Guid(5cb2704116eff4443b949135e9fe07f9) Importer(2089858483,0ecaa5967403d082aa24f35e1b516d23) [PhysX] Initialized MultithreadedTaskDispatcher with 24 workers.
 -> (artifact id: '32c5c330ffb44522c672500e3d158e5f') in 0.005972 seconds
Number of updated asset objects reloaded before import = 0
Number of asset objects unloaded after import = 3
========================================================================
Received Import Request.
  Time since last request: 0.000016 seconds.
  path: Assets/Cainos/Pixel Art Top Down - Basic/Tile Palette/TP Wall/TX Tileset Wall_36.asset
  artifactKey: Guid(0f39ce13cb3663f47aa017b24e28c59d) Importer(2089858483,0ecaa5967403d082aa24f35e1b516d23)
Start importing Assets/Cainos/Pixel Art Top Down - Basic/Tile Palette/TP Wall/TX Tileset Wall_36.asset using Guid(0f39ce13cb3663f47aa017b24e28c59d) Importer(2089858483,0ecaa5967403d082aa24f35e1b516d23) [PhysX] Initialized MultithreadedTaskDispatcher with 24 workers.
 -> (artifact id: '2d729704b59898ca0403bd693fa103df') in 0.007209 seconds
Number of updated asset objects reloaded before import = 0
Number of asset objects unloaded after import = 3
========================================================================
Received Import Request.
  Time since last request: 0.000013 seconds.
  path: Assets/Brackeys/2D Mega Pack/Characters/Blob Players/Animation/BlobPlayer_Pink_Jump.anim
  artifactKey: Guid(dbc28665cab07e945b856a8c4d1da629) Importer(2089858483,0ecaa5967403d082aa24f35e1b516d23)
Start importing Assets/Brackeys/2D Mega Pack/Characters/Blob Players/Animation/BlobPlayer_Pink_Jump.anim using Guid(dbc28665cab07e945b856a8c4d1da629) Importer(2089858483,0ecaa5967403d082aa24f35e1b516d23) [PhysX] Initialized MultithreadedTaskDispatcher with 24 workers.
 -> (artifact id: 'ed24bf537e0028128177912f79368df0') in 0.004971 seconds
Number of updated asset objects reloaded before import = 0
Number of asset objects unloaded after import = 1
========================================================================
Received Import Request.
  Time since last request: 0.000014 seconds.
  path: Assets/Cainos/Pixel Art Top Down - Basic/Tile Palette/TP Wall/TX Tileset Wall_50.asset
  artifactKey: Guid(b857b6b27935d14478beeb0a19d9ed05) Importer(2089858483,0ecaa5967403d082aa24f35e1b516d23)
Start importing Assets/Cainos/Pixel Art Top Down - Basic/Tile Palette/TP Wall/TX Tileset Wall_50.asset using Guid(b857b6b27935d14478beeb0a19d9ed05) Importer(2089858483,0ecaa5967403d082aa24f35e1b516d23) [PhysX] Initialized MultithreadedTaskDispatcher with 24 workers.
 -> (artifact id: 'be25c297bc81cde6bc5376a2b0baa510') in 0.005803 seconds
Number of updated asset objects reloaded before import = 0
Number of asset objects unloaded after import = 3
========================================================================
Received Import Request.
  Time since last request: 0.000019 seconds.
  path: Assets/Cainos/Pixel Art Top Down - Basic/Tile Palette/TP Wall/TX Tileset Wall_58.asset
  artifactKey: Guid(cb8f53fc5187f6e4690c3aa2bc7a6aa0) Importer(2089858483,0ecaa5967403d082aa24f35e1b516d23)
Start importing Assets/Cainos/Pixel Art Top Down - Basic/Tile Palette/TP Wall/TX Tileset Wall_58.asset using Guid(cb8f53fc5187f6e4690c3aa2bc7a6aa0) Importer(2089858483,0ecaa5967403d082aa24f35e1b516d23) [PhysX] Initialized MultithreadedTaskDispatcher with 24 workers.
 -> (artifact id: 'f3d34be0962e98995df82eea321cc021') in 0.006265 seconds
Number of updated asset objects reloaded before import = 0
Number of asset objects unloaded after import = 3
========================================================================
Received Import Request.
  Time since last request: 0.000014 seconds.
  path: Assets/Cainos/Pixel Art Top Down - Basic/Tile Palette/TP Wall/TX Tileset Wall_4.asset
  artifactKey: Guid(b6bf52d8442ce1847a688215b6ba04da) Importer(2089858483,0ecaa5967403d082aa24f35e1b516d23)
Start importing Assets/Cainos/Pixel Art Top Down - Basic/Tile Palette/TP Wall/TX Tileset Wall_4.asset using Guid(b6bf52d8442ce1847a688215b6ba04da) Importer(2089858483,0ecaa5967403d082aa24f35e1b516d23) [PhysX] Initialized MultithreadedTaskDispatcher with 24 workers.
 -> (artifact id: '9b51aaa735d297b80f265ebda25f4944') in 0.009647 seconds
Number of updated asset objects reloaded before import = 0
Number of asset objects unloaded after import = 3
========================================================================
Received Import Request.
  Time since last request: 0.000016 seconds.
  path: Assets/Brackeys/2D Mega Pack/Characters/Animation/Astronaut/Astronaut_Walk.anim
  artifactKey: Guid(3a8ab8246d09f554f92e3019531217e5) Importer(2089858483,0ecaa5967403d082aa24f35e1b516d23)
Start importing Assets/Brackeys/2D Mega Pack/Characters/Animation/Astronaut/Astronaut_Walk.anim using Guid(3a8ab8246d09f554f92e3019531217e5) Importer(2089858483,0ecaa5967403d082aa24f35e1b516d23) [PhysX] Initialized MultithreadedTaskDispatcher with 24 workers.
 -> (artifact id: '37d7579b60d0e0d2ae88d0a8169fdff2') in 0.004893 seconds
Number of updated asset objects reloaded before import = 0
Number of asset objects unloaded after import = 1
========================================================================
Received Import Request.
  Time since last request: 0.000015 seconds.
  path: Assets/Cainos/Pixel Art Top Down - Basic/Tile Palette/TP Wall/TX Tileset Wall_60.asset
  artifactKey: Guid(1d152d7da7af5144aaa09f2cfe101265) Importer(2089858483,0ecaa5967403d082aa24f35e1b516d23)
Start importing Assets/Cainos/Pixel Art Top Down - Basic/Tile Palette/TP Wall/TX Tileset Wall_60.asset using Guid(1d152d7da7af5144aaa09f2cfe101265) Importer(2089858483,0ecaa5967403d082aa24f35e1b516d23) [PhysX] Initialized MultithreadedTaskDispatcher with 24 workers.
 -> (artifact id: '5825fac814e49b71b189abeab4ccbea4') in 0.004762 seconds
Number of updated asset objects reloaded before import = 0
Number of asset objects unloaded after import = 3
========================================================================
Received Import Request.
  Time since last request: 0.000017 seconds.
  path: Assets/Cainos/Pixel Art Top Down - Basic/Tile Palette/TP Wall/TX Tileset Wall_44.asset
  artifactKey: Guid(6f6e5fa7aced9ba499e35a5f79839641) Importer(2089858483,0ecaa5967403d082aa24f35e1b516d23)
Start importing Assets/Cainos/Pixel Art Top Down - Basic/Tile Palette/TP Wall/TX Tileset Wall_44.asset using Guid(6f6e5fa7aced9ba499e35a5f79839641) Importer(2089858483,0ecaa5967403d082aa24f35e1b516d23) [PhysX] Initialized MultithreadedTaskDispatcher with 24 workers.
 -> (artifact id: '966c5d0d8f59c1b46fb41161448fd006') in 0.006493 seconds
Number of updated asset objects reloaded before import = 0
Number of asset objects unloaded after import = 3
========================================================================
Received Import Request.
  Time since last request: 0.000018 seconds.
  path: Assets/Brackeys/2D Mega Pack/Characters/Animation/Detective/Detective_Skeleton_Flying.anim
  artifactKey: Guid(8db6b06278005f9409e6b297d76bf773) Importer(2089858483,0ecaa5967403d082aa24f35e1b516d23)
Start importing Assets/Brackeys/2D Mega Pack/Characters/Animation/Detective/Detective_Skeleton_Flying.anim using Guid(8db6b06278005f9409e6b297d76bf773) Importer(2089858483,0ecaa5967403d082aa24f35e1b516d23) [PhysX] Initialized MultithreadedTaskDispatcher with 24 workers.
 -> (artifact id: 'ff3a015c96a65844838f5427519c1854') in 0.005348 seconds
Number of updated asset objects reloaded before import = 0
Number of asset objects unloaded after import = 1
========================================================================
Received Import Request.
  Time since last request: 0.000020 seconds.
  path: Assets/Cainos/Pixel Art Top Down - Basic/Tile Palette/TP Wall/TX Tileset Wall_52.asset
  artifactKey: Guid(057832b6b41e7b54697628c449199e86) Importer(2089858483,0ecaa5967403d082aa24f35e1b516d23)
Start importing Assets/Cainos/Pixel Art Top Down - Basic/Tile Palette/TP Wall/TX Tileset Wall_52.asset using Guid(057832b6b41e7b54697628c449199e86) Importer(2089858483,0ecaa5967403d082aa24f35e1b516d23) [PhysX] Initialized MultithreadedTaskDispatcher with 24 workers.
 -> (artifact id: '450eb572f6419d77333d9fbd8481fb1f') in 0.005441 seconds
Number of updated asset objects reloaded before import = 0
Number of asset objects unloaded after import = 3
========================================================================
Received Import Request.
  Time since last request: 0.000015 seconds.
  path: Assets/Cainos/Pixel Art Top Down - Basic/Tile Palette/TP Wall/TX Tileset Wall_55.asset
  artifactKey: Guid(74d33214d8663e14a9ff6f916f417124) Importer(2089858483,0ecaa5967403d082aa24f35e1b516d23)
Start importing Assets/Cainos/Pixel Art Top Down - Basic/Tile Palette/TP Wall/TX Tileset Wall_55.asset using Guid(74d33214d8663e14a9ff6f916f417124) Importer(2089858483,0ecaa5967403d082aa24f35e1b516d23) [PhysX] Initialized MultithreadedTaskDispatcher with 24 workers.
 -> (artifact id: '2f145eb5066ae510dfaeb3265f131793') in 0.006326 seconds
Number of updated asset objects reloaded before import = 0
Number of asset objects unloaded after import = 3
========================================================================
Received Import Request.
  Time since last request: 0.000041 seconds.
  path: Assets/Cainos/Pixel Art Top Down - Basic/Tile Palette/TP Wall/TX Tileset Wall_19.asset
  artifactKey: Guid(593e9d35d4ade4041a13ab33b9a1040f) Importer(2089858483,0ecaa5967403d082aa24f35e1b516d23)
Start importing Assets/Cainos/Pixel Art Top Down - Basic/Tile Palette/TP Wall/TX Tileset Wall_19.asset using Guid(593e9d35d4ade4041a13ab33b9a1040f) Importer(2089858483,0ecaa5967403d082aa24f35e1b516d23) [PhysX] Initialized MultithreadedTaskDispatcher with 24 workers.
 -> (artifact id: '97af8d09ed55482300bca10c5a139f6b') in 0.004893 seconds
Number of updated asset objects reloaded before import = 0
Number of asset objects unloaded after import = 3
========================================================================
Received Import Request.
  Time since last request: 0.000015 seconds.
  path: Assets/Cainos/Pixel Art Top Down - Basic/Tile Palette/TP Wall/TX Tileset Wall_12.asset
  artifactKey: Guid(6320326b04ba6144f9e518073c3a753d) Importer(2089858483,0ecaa5967403d082aa24f35e1b516d23)
Start importing Assets/Cainos/Pixel Art Top Down - Basic/Tile Palette/TP Wall/TX Tileset Wall_12.asset using Guid(6320326b04ba6144f9e518073c3a753d) Importer(2089858483,0ecaa5967403d082aa24f35e1b516d23) [PhysX] Initialized MultithreadedTaskDispatcher with 24 workers.
 -> (artifact id: '652d57cd140ab333e563ecbbfc6be4e6') in 0.007524 seconds
Number of updated asset objects reloaded before import = 0
Number of asset objects unloaded after import = 3
========================================================================
Received Import Request.
  Time since last request: 0.000015 seconds.
  path: Assets/Cainos/Pixel Art Top Down - Basic/Tile Palette/TP Wall/TX Tileset Wall_25.asset
  artifactKey: Guid(8be27a7af89a7164283e45689a61753d) Importer(2089858483,0ecaa5967403d082aa24f35e1b516d23)
Start importing Assets/Cainos/Pixel Art Top Down - Basic/Tile Palette/TP Wall/TX Tileset Wall_25.asset using Guid(8be27a7af89a7164283e45689a61753d) Importer(2089858483,0ecaa5967403d082aa24f35e1b516d23) [PhysX] Initialized MultithreadedTaskDispatcher with 24 workers.
 -> (artifact id: 'da26cf1ce0975bb670c3543d4f3a4269') in 0.007119 seconds
Number of updated asset objects reloaded before import = 0
Number of asset objects unloaded after import = 3
========================================================================
Received Import Request.
  Time since last request: 0.000018 seconds.
  path: Assets/Brackeys/2D Mega Pack/Effects/Animation/Explosion.controller
  artifactKey: Guid(b762901683868c048a100e51eda4ae4e) Importer(2089858483,0ecaa5967403d082aa24f35e1b516d23)
Start importing Assets/Brackeys/2D Mega Pack/Effects/Animation/Explosion.controller using Guid(b762901683868c048a100e51eda4ae4e) Importer(2089858483,0ecaa5967403d082aa24f35e1b516d23) [PhysX] Initialized MultithreadedTaskDispatcher with 24 workers.
 -> (artifact id: '6e4923c31c5d573a5b540d5742165005') in 0.007922 seconds
Number of updated asset objects reloaded before import = 0
Number of asset objects unloaded after import = 4
========================================================================
Received Import Request.
  Time since last request: 0.000021 seconds.
  path: Assets/Cainos/Pixel Art Top Down - Basic/Tile Palette/TP Grass/TX Tileset Grass_36.asset
  artifactKey: Guid(25c92bd1a1b2eda46b08a2414b277305) Importer(2089858483,0ecaa5967403d082aa24f35e1b516d23)
Start importing Assets/Cainos/Pixel Art Top Down - Basic/Tile Palette/TP Grass/TX Tileset Grass_36.asset using Guid(25c92bd1a1b2eda46b08a2414b277305) Importer(2089858483,0ecaa5967403d082aa24f35e1b516d23) [PhysX] Initialized MultithreadedTaskDispatcher with 24 workers.
 -> (artifact id: '92c06c0541a9fcf73036a341d27a1f1a') in 0.005620 seconds
Number of updated asset objects reloaded before import = 0
Number of asset objects unloaded after import = 3
========================================================================
Received Import Request.
  Time since last request: 0.000014 seconds.
  path: Assets/Prefabs/PlayerFOV.prefab
  artifactKey: Guid(160c283520ef58e4188017c4a182402e) Importer(2089858483,0ecaa5967403d082aa24f35e1b516d23)
Start importing Assets/Prefabs/PlayerFOV.prefab using Guid(160c283520ef58e4188017c4a182402e) Importer(2089858483,0ecaa5967403d082aa24f35e1b516d23) [PhysX] Initialized MultithreadedTaskDispatcher with 24 workers.
 -> (artifact id: '28f32c9ed89d06b790fe84870c419fa2') in 0.002782 seconds
Number of updated asset objects reloaded before import = 0
Number of asset objects unloaded after import = 0
========================================================================
Received Import Request.
  Time since last request: 0.088205 seconds.
  path: Assets/Brackeys/2D Mega Pack/Characters/Soldiers/Animation/Character1/Character1.controller
  artifactKey: Guid(a349367da6ec6794f9d103596abe1a44) Importer(2089858483,0ecaa5967403d082aa24f35e1b516d23)
Start importing Assets/Brackeys/2D Mega Pack/Characters/Soldiers/Animation/Character1/Character1.controller using Guid(a349367da6ec6794f9d103596abe1a44) Importer(2089858483,0ecaa5967403d082aa24f35e1b516d23) [PhysX] Initialized MultithreadedTaskDispatcher with 24 workers.
 -> (artifact id: '5092cc5d85d8dc4f747cefe641b079d4') in 0.005539 seconds
Number of updated asset objects reloaded before import = 0
Number of asset objects unloaded after import = 8
========================================================================
Received Import Request.
  Time since last request: 0.000012 seconds.
  path: Assets/Brackeys/2D Mega Pack/Characters/Soldiers/Animation/Character2/Character2_Walk.anim
  artifactKey: Guid(92ea54671076d464990557fefcb533ba) Importer(2089858483,0ecaa5967403d082aa24f35e1b516d23)
Start importing Assets/Brackeys/2D Mega Pack/Characters/Soldiers/Animation/Character2/Character2_Walk.anim using Guid(92ea54671076d464990557fefcb533ba) Importer(2089858483,0ecaa5967403d082aa24f35e1b516d23) [PhysX] Initialized MultithreadedTaskDispatcher with 24 workers.
 -> (artifact id: 'e81a81dcd385f19e1189c401e7d7196d') in 0.004863 seconds
Number of updated asset objects reloaded before import = 0
Number of asset objects unloaded after import = 1
========================================================================
Received Import Request.
  Time since last request: 0.000014 seconds.
  path: Assets/Brackeys/2D Mega Pack/Characters/Soldiers/Animation/Character3/Character3_Idle.anim
  artifactKey: Guid(ad404689e51206d4b9637f2b33b60682) Importer(2089858483,0ecaa5967403d082aa24f35e1b516d23)
Start importing Assets/Brackeys/2D Mega Pack/Characters/Soldiers/Animation/Character3/Character3_Idle.anim using Guid(ad404689e51206d4b9637f2b33b60682) Importer(2089858483,0ecaa5967403d082aa24f35e1b516d23) [PhysX] Initialized MultithreadedTaskDispatcher with 24 workers.
 -> (artifact id: '405ed2233c4f5fe6a61d68850d6ff080') in 0.004486 seconds
Number of updated asset objects reloaded before import = 0
Number of asset objects unloaded after import = 1
========================================================================
Received Prepare
Switching render pipeline 00000000000000000000000000000000 -> 681886c5eb7344803b6206f758bf0b1c
Refreshing native plugins compatible for Editor in 10.99 ms, found 4 plugins.
Preloading 0 native plugins for Editor in 0.00 ms.
Unloading 75 Unused Serialized files (Serialized files now loaded: 0)
Unloading 23 unused Assets / (1.4 MB). Loaded Objects now: 6942.
Memory consumption went from 117.0 MB to 115.7 MB.
Total: 10.619900 ms (FindLiveObjects: 0.491000 ms CreateObjectMapping: 0.246400 ms MarkObjects: 8.633100 ms  DeleteObjects: 1.247800 ms)

Prepare: number of updated asset objects reloaded= 0
AssetImportParameters requested are different than current active one (requested -> active):
  custom:container-demuxer-ogg: 62fdf1f143b41e24485cea50d1cbac27 -> 
  custom:video-codec-MediaFoundation-h265: 746d11721c4dcdbdad8f713fa42b33f4 -> 
  custom:video-decoder-ogg-theora: a1e56fd34408186e4bbccfd4996cb3dc -> 
  custom:framework-win-MediaFoundation: 216162199b28c13a410421893ffa2e32 -> 
  custom:CustomObjectIndexerAttribute: 72b91833f83ae208fae7752999fa3104 -> 
  custom:container-demuxer-webm: 4f35f7cbe854078d1ac9338744f61a02 -> 
  custom:container-muxer-webm: aa71ff27fc2769a1b78a27578f13a17b -> 
  custom:video-decoder-webm-vp8: 9c59270c3fd7afecdb556c50c9e8de78 -> 
  custom:SearchIndexIgnoredProperties: e643bd26f0fe6173181afceb89e7c659 -> 
  custom:AudioImporter_EditorPlatform: d09bf68614088b80899f8185d706f6e7 -> 
  custom:video-encoder-webm-vp8: eb34c28f22e8b96e1ab97ce403110664 -> 
  custom:audio-decoder-ogg-vorbis: bf7c407c2cedff20999df2af8eb42d56 -> 
  custom:audio-encoder-webm-vorbis: bf7c407c2cedff20999df2af8eb42d56 -> 
Editor requested this worker to shutdown with reason: Scaling down because of idle timeout
TcpMessagingSession - receive error
AssetImportWorkerClient::OnTransportError - code=2 error=End of file
AssetImportWorker is now disconnected from the server
Process exiting
Exiting without the bug reporter. Application will terminate with return code 0