Using pre-set license
Built from '2022.3/staging' branch; Version is '2022.3.46f1 (8e9b8558c41a) revision 9345925'; Using compiler version '192829333'; Build Type 'Release'
OS: 'Windows 11  (10.0.26100) 64bit Core' Language: 'en' Physical Memory: 32475 MB
BatchMode: 1, IsHumanControllingUs: 0, StartBugReporterOnCrash: 0, Is64bit: 1, IsPro: 1

COMMAND LINE ARGUMENTS:
C:\Program Files\Unity\Hub\Editor\2022.3.46f1\Editor\Unity.exe
-adb2
-batchMode
-noUpm
-name
AssetImportWorker11
-projectPath
C:/Users/shart/Documents/GitHub/wizard-gta/wizard-gta
-logFile
Logs/AssetImportWorker11.log
-srvPort
51165
Successfully changed project path to: C:/Users/shart/Documents/GitHub/wizard-gta/wizard-gta
C:/Users/shart/Documents/GitHub/wizard-gta/wizard-gta
[UnityMemory] Configuration Parameters - Can be set up in boot.config
    "memorysetup-bucket-allocator-granularity=16"
    "memorysetup-bucket-allocator-bucket-count=8"
    "memorysetup-bucket-allocator-block-size=33554432"
    "memorysetup-bucket-allocator-block-count=8"
    "memorysetup-main-allocator-block-size=16777216"
    "memorysetup-thread-allocator-block-size=16777216"
    "memorysetup-gfx-main-allocator-block-size=16777216"
    "memorysetup-gfx-thread-allocator-block-size=16777216"
    "memorysetup-cache-allocator-block-size=4194304"
    "memorysetup-typetree-allocator-block-size=2097152"
    "memorysetup-profiler-bucket-allocator-granularity=16"
    "memorysetup-profiler-bucket-allocator-bucket-count=8"
    "memorysetup-profiler-bucket-allocator-block-size=33554432"
    "memorysetup-profiler-bucket-allocator-block-count=8"
    "memorysetup-profiler-allocator-block-size=16777216"
    "memorysetup-profiler-editor-allocator-block-size=1048576"
    "memorysetup-temp-allocator-size-main=16777216"
    "memorysetup-job-temp-allocator-block-size=2097152"
    "memorysetup-job-temp-allocator-block-size-background=1048576"
    "memorysetup-job-temp-allocator-reduction-small-platforms=262144"
    "memorysetup-allocator-temp-initial-block-size-main=262144"
    "memorysetup-allocator-temp-initial-block-size-worker=262144"
    "memorysetup-temp-allocator-size-background-worker=32768"
    "memorysetup-temp-allocator-size-job-worker=262144"
    "memorysetup-temp-allocator-size-preload-manager=33554432"
    "memorysetup-temp-allocator-size-nav-mesh-worker=65536"
    "memorysetup-temp-allocator-size-audio-worker=65536"
    "memorysetup-temp-allocator-size-cloud-worker=32768"
    "memorysetup-temp-allocator-size-gi-baking-worker=262144"
    "memorysetup-temp-allocator-size-gfx=262144"
Player connection [15428]  Target information:

Player connection [15428]  * "[IP] 10.40.92.173 [Port] 0 [Flags] 2 [Guid] 2280910064 [EditorId] 2280910064 [Version] 1048832 [Id] WindowsEditor(7,simbasicko) [Debug] 1 [PackageName] WindowsEditor [ProjectName] Editor" 

Player connection [15428] Host joined multi-casting on [225.0.0.222:54997]...
Player connection [15428] Host joined alternative multi-casting on [225.0.0.222:34997]...
[PhysX] Initialized MultithreadedTaskDispatcher with 24 workers.
Refreshing native plugins compatible for Editor in 14.72 ms, found 4 plugins.
Preloading 0 native plugins for Editor in 0.00 ms.
Initialize engine version: 2022.3.46f1 (8e9b8558c41a)
[Subsystems] Discovering subsystems at path C:/Program Files/Unity/Hub/Editor/2022.3.46f1/Editor/Data/Resources/UnitySubsystems
[Subsystems] Discovering subsystems at path C:/Users/shart/Documents/GitHub/wizard-gta/wizard-gta/Assets
GfxDevice: creating device client; threaded=0; jobified=0
Direct3D:
    Version:  Direct3D 11.0 [level 11.1]
    Renderer: NVIDIA GeForce RTX 4070 Laptop GPU (ID=0x2860)
    Vendor:   NVIDIA
    VRAM:     7948 MB
    Driver:   32.0.15.6624
Initialize mono
Mono path[0] = 'C:/Program Files/Unity/Hub/Editor/2022.3.46f1/Editor/Data/Managed'
Mono path[1] = 'C:/Program Files/Unity/Hub/Editor/2022.3.46f1/Editor/Data/MonoBleedingEdge/lib/mono/unityjit-win32'
Mono config path = 'C:/Program Files/Unity/Hub/Editor/2022.3.46f1/Editor/Data/MonoBleedingEdge/etc'
Using monoOptions --debugger-agent=transport=dt_socket,embedding=1,server=y,suspend=n,address=127.0.0.1:56400
Begin MonoManager ReloadAssembly
Registering precompiled unity dll's ...
Register platform support module: C:/Program Files/Unity/Hub/Editor/2022.3.46f1/Editor/Data/PlaybackEngines/WindowsStandaloneSupport/UnityEditor.WindowsStandalone.Extensions.dll
Registered in 0.005782 seconds.
- Loaded All Assemblies, in  0.240 seconds
Native extension for WindowsStandalone target not found
Mono: successfully reloaded assembly
- Finished resetting the current domain, in  0.202 seconds
Domain Reload Profiling: 442ms
	BeginReloadAssembly (66ms)
		ExecutionOrderSort (0ms)
		DisableScriptedObjects (0ms)
		BackupInstance (0ms)
		ReleaseScriptingObjects (0ms)
		CreateAndSetChildDomain (0ms)
	RebuildCommonClasses (23ms)
	RebuildNativeTypeToScriptingClass (8ms)
	initialDomainReloadingComplete (40ms)
	LoadAllAssembliesAndSetupDomain (101ms)
		LoadAssemblies (65ms)
		RebuildTransferFunctionScriptingTraits (0ms)
		AnalyzeDomain (100ms)
			TypeCache.Refresh (99ms)
				TypeCache.ScanAssembly (88ms)
			ScanForSourceGeneratedMonoScriptInfo (0ms)
			ResolveRequiredComponents (0ms)
	FinalizeReload (203ms)
		ReleaseScriptCaches (0ms)
		RebuildScriptCaches (0ms)
		SetupLoadedEditorAssemblies (169ms)
			LogAssemblyErrors (0ms)
			InitializePlatformSupportModulesInManaged (8ms)
			SetLoadedEditorAssemblies (7ms)
			RefreshPlugins (0ms)
			BeforeProcessingInitializeOnLoad (2ms)
			ProcessInitializeOnLoadAttributes (111ms)
			ProcessInitializeOnLoadMethodAttributes (42ms)
			AfterProcessingInitializeOnLoad (0ms)
			EditorAssembliesLoaded (0ms)
		ExecutionOrderSort2 (0ms)
		AwakeInstancesAfterBackupRestoration (0ms)
========================================================================
Worker process is ready to serve import requests
Caller must complete domain reload
Begin MonoManager ReloadAssembly
Symbol file LoadedFromMemory is not a mono symbol file
- Loaded All Assemblies, in  0.565 seconds
Native extension for WindowsStandalone target not found
Mono: successfully reloaded assembly
- Finished resetting the current domain, in  0.641 seconds
Domain Reload Profiling: 1203ms
	BeginReloadAssembly (97ms)
		ExecutionOrderSort (0ms)
		DisableScriptedObjects (3ms)
		BackupInstance (0ms)
		ReleaseScriptingObjects (0ms)
		CreateAndSetChildDomain (14ms)
	RebuildCommonClasses (21ms)
	RebuildNativeTypeToScriptingClass (7ms)
	initialDomainReloadingComplete (30ms)
	LoadAllAssembliesAndSetupDomain (406ms)
		LoadAssemblies (282ms)
		RebuildTransferFunctionScriptingTraits (0ms)
		AnalyzeDomain (180ms)
			TypeCache.Refresh (144ms)
				TypeCache.ScanAssembly (131ms)
			ScanForSourceGeneratedMonoScriptInfo (27ms)
			ResolveRequiredComponents (8ms)
	FinalizeReload (641ms)
		ReleaseScriptCaches (0ms)
		RebuildScriptCaches (0ms)
		SetupLoadedEditorAssemblies (530ms)
			LogAssemblyErrors (0ms)
			InitializePlatformSupportModulesInManaged (5ms)
			SetLoadedEditorAssemblies (3ms)
			RefreshPlugins (0ms)
			BeforeProcessingInitializeOnLoad (78ms)
			ProcessInitializeOnLoadAttributes (301ms)
			ProcessInitializeOnLoadMethodAttributes (139ms)
			AfterProcessingInitializeOnLoad (5ms)
			EditorAssembliesLoaded (0ms)
		ExecutionOrderSort2 (0ms)
		AwakeInstancesAfterBackupRestoration (5ms)
Launched and connected shader compiler UnityShaderCompiler.exe after 0.04 seconds
Refreshing native plugins compatible for Editor in 12.52 ms, found 4 plugins.
Preloading 0 native plugins for Editor in 0.00 ms.
Unloading 7395 Unused Serialized files (Serialized files now loaded: 0)
Unloading 67 unused Assets / (1.0 MB). Loaded Objects now: 7854.
Memory consumption went from 263.2 MB to 262.3 MB.
Total: 6.408100 ms (FindLiveObjects: 0.628200 ms CreateObjectMapping: 0.235800 ms MarkObjects: 5.234200 ms  DeleteObjects: 0.308900 ms)

AssetImportParameters requested are different than current active one (requested -> active):
  custom:container-demuxer-ogg: 62fdf1f143b41e24485cea50d1cbac27 -> 
  custom:framework-win-MediaFoundation: 216162199b28c13a410421893ffa2e32 -> 
  custom:container-muxer-webm: aa71ff27fc2769a1b78a27578f13a17b -> 
  custom:video-decoder-webm-vp8: 9c59270c3fd7afecdb556c50c9e8de78 -> 
  custom:SearchIndexIgnoredProperties: e643bd26f0fe6173181afceb89e7c659 -> 
  custom:AudioImporter_EditorPlatform: d09bf68614088b80899f8185d706f6e7 -> 
  custom:audio-decoder-ogg-vorbis: bf7c407c2cedff20999df2af8eb42d56 -> 
  custom:audio-encoder-webm-vorbis: bf7c407c2cedff20999df2af8eb42d56 -> 
  custom:video-codec-MediaFoundation-h265: 746d11721c4dcdbdad8f713fa42b33f4 -> 
  custom:video-decoder-ogg-theora: a1e56fd34408186e4bbccfd4996cb3dc -> 
  custom:CustomObjectIndexerAttribute: 72b91833f83ae208fae7752999fa3104 -> 
  custom:container-demuxer-webm: 4f35f7cbe854078d1ac9338744f61a02 -> 
  custom:video-encoder-webm-vp8: eb34c28f22e8b96e1ab97ce403110664 -> 
========================================================================
Received Import Request.
  Time since last request: 376699.247267 seconds.
  path: Assets/Brackeys/2D Mega Pack/-- Example Photos --/Dungeon Puzzle Example.png
  artifactKey: Guid(a6a22e0c395be6049bb58c2edebd5c4e) Importer(815301076,1909f56bfc062723c751e8b465ee728b)
Start importing Assets/Brackeys/2D Mega Pack/-- Example Photos --/Dungeon Puzzle Example.png using Guid(a6a22e0c395be6049bb58c2edebd5c4e) Importer(815301076,1909f56bfc062723c751e8b465ee728b) [PhysX] Initialized MultithreadedTaskDispatcher with 24 workers.
[PhysX] Initialized MultithreadedTaskDispatcher with 24 workers.
 -> (artifact id: '2a4afa4f1e03a433281368e2d1fd7c45') in 0.112744 seconds
Number of updated asset objects reloaded before import = 0
Number of asset objects unloaded after import = 3
========================================================================
Received Import Request.
  Time since last request: 40.985826 seconds.
  path: Packages/com.unity.render-pipelines.universal/Runtime/Materials/FullscreenInvertColors.mat
  artifactKey: Guid(78a08787ca30045abb69f6f7dd878e09) Importer(815301076,1909f56bfc062723c751e8b465ee728b)
Start importing Packages/com.unity.render-pipelines.universal/Runtime/Materials/FullscreenInvertColors.mat using Guid(78a08787ca30045abb69f6f7dd878e09) Importer(815301076,1909f56bfc062723c751e8b465ee728b) [PhysX] Initialized MultithreadedTaskDispatcher with 24 workers.
[PhysX] Initialized MultithreadedTaskDispatcher with 24 workers.
 -> (artifact id: '59fdc0beca5561db5cc37f40ffa73bd6') in 0.193454 seconds
Number of updated asset objects reloaded before import = 0
Number of asset objects unloaded after import = 20
========================================================================
Received Import Request.
  Time since last request: 0.000026 seconds.
  path: Packages/com.unity.render-pipelines.universal/Runtime/Materials/SpatialMappingWireframe.mat
  artifactKey: Guid(9875a245ac49007498213638a307faa1) Importer(815301076,1909f56bfc062723c751e8b465ee728b)
Start importing Packages/com.unity.render-pipelines.universal/Runtime/Materials/SpatialMappingWireframe.mat using Guid(9875a245ac49007498213638a307faa1) Importer(815301076,1909f56bfc062723c751e8b465ee728b) [PhysX] Initialized MultithreadedTaskDispatcher with 24 workers.
[PhysX] Initialized MultithreadedTaskDispatcher with 24 workers.
 -> (artifact id: 'c258520a737e9a61c5a38632f55e6847') in 0.023677 seconds
Number of updated asset objects reloaded before import = 0
Number of asset objects unloaded after import = 2
========================================================================
Received Prepare
Caller must complete domain reload
Begin MonoManager ReloadAssembly
Symbol file LoadedFromMemory is not a mono symbol file
- Loaded All Assemblies, in  1.039 seconds
Native extension for WindowsStandalone target not found
Mono: successfully reloaded assembly
- Finished resetting the current domain, in  0.781 seconds
Domain Reload Profiling: 1818ms
	BeginReloadAssembly (585ms)
		ExecutionOrderSort (0ms)
		DisableScriptedObjects (441ms)
		BackupInstance (0ms)
		ReleaseScriptingObjects (0ms)
		CreateAndSetChildDomain (39ms)
	RebuildCommonClasses (31ms)
	RebuildNativeTypeToScriptingClass (10ms)
	initialDomainReloadingComplete (31ms)
	LoadAllAssembliesAndSetupDomain (380ms)
		LoadAssemblies (399ms)
		RebuildTransferFunctionScriptingTraits (0ms)
		AnalyzeDomain (50ms)
			TypeCache.Refresh (12ms)
				TypeCache.ScanAssembly (1ms)
			ScanForSourceGeneratedMonoScriptInfo (24ms)
			ResolveRequiredComponents (13ms)
	FinalizeReload (782ms)
		ReleaseScriptCaches (0ms)
		RebuildScriptCaches (0ms)
		SetupLoadedEditorAssemblies (600ms)
			LogAssemblyErrors (0ms)
			InitializePlatformSupportModulesInManaged (4ms)
			SetLoadedEditorAssemblies (3ms)
			RefreshPlugins (0ms)
			BeforeProcessingInitializeOnLoad (80ms)
			ProcessInitializeOnLoadAttributes (338ms)
			ProcessInitializeOnLoadMethodAttributes (169ms)
			AfterProcessingInitializeOnLoad (5ms)
			EditorAssembliesLoaded (0ms)
		ExecutionOrderSort2 (0ms)
		AwakeInstancesAfterBackupRestoration (18ms)
Refreshing native plugins compatible for Editor in 15.00 ms, found 4 plugins.
Preloading 0 native plugins for Editor in 0.00 ms.
Unloading 7241 Unused Serialized files (Serialized files now loaded: 0)
Unloading 40 unused Assets / (0.9 MB). Loaded Objects now: 7957.
Memory consumption went from 241.3 MB to 240.3 MB.
Total: 7.640400 ms (FindLiveObjects: 0.484600 ms CreateObjectMapping: 0.222900 ms MarkObjects: 6.551000 ms  DeleteObjects: 0.380800 ms)

Prepare: number of updated asset objects reloaded= 0
AssetImportParameters requested are different than current active one (requested -> active):
  custom:container-demuxer-ogg: 62fdf1f143b41e24485cea50d1cbac27 -> 
  custom:framework-win-MediaFoundation: 216162199b28c13a410421893ffa2e32 -> 
  custom:container-muxer-webm: aa71ff27fc2769a1b78a27578f13a17b -> 
  custom:video-decoder-webm-vp8: 9c59270c3fd7afecdb556c50c9e8de78 -> 
  custom:SearchIndexIgnoredProperties: e643bd26f0fe6173181afceb89e7c659 -> 
  custom:AudioImporter_EditorPlatform: d09bf68614088b80899f8185d706f6e7 -> 
  custom:audio-decoder-ogg-vorbis: bf7c407c2cedff20999df2af8eb42d56 -> 
  custom:audio-encoder-webm-vorbis: bf7c407c2cedff20999df2af8eb42d56 -> 
  custom:scripting/precompiled-assembly-types:Assembly-CSharp: 2cbd1d7acbc7314f6711a30c130ffae9 -> 3498e5a4b474caacfbfa4f6df0c97178
  custom:video-codec-MediaFoundation-h265: 746d11721c4dcdbdad8f713fa42b33f4 -> 
  custom:video-decoder-ogg-theora: a1e56fd34408186e4bbccfd4996cb3dc -> 
  custom:CustomObjectIndexerAttribute: 72b91833f83ae208fae7752999fa3104 -> 
  custom:scripting/monoscript/fileName/ScrollScript.cs: 554b26ef1871f7708889e8218f9a04ac -> 
  custom:container-demuxer-webm: 4f35f7cbe854078d1ac9338744f61a02 -> 
  custom:video-encoder-webm-vp8: eb34c28f22e8b96e1ab97ce403110664 -> 
========================================================================
Received Import Request.
  Time since last request: 553.322139 seconds.
  path: Assets/Scripts/PlayerInput.inputactions
  artifactKey: Guid(3c07ff2767834db40adbd3a8e49e3b4b) Importer(815301076,1909f56bfc062723c751e8b465ee728b)
Start importing Assets/Scripts/PlayerInput.inputactions using Guid(3c07ff2767834db40adbd3a8e49e3b4b) Importer(815301076,1909f56bfc062723c751e8b465ee728b) [PhysX] Initialized MultithreadedTaskDispatcher with 24 workers.
 -> (artifact id: 'e1ce00c1a58096e52aceae4338606e64') in 0.008137 seconds
Number of updated asset objects reloaded before import = 0
Number of asset objects unloaded after import = 0
========================================================================
Received Import Request.
  Time since last request: 15.515113 seconds.
  path: Assets/Scroll.png
  artifactKey: Guid(a80419af074deb7428bf6506749e4332) Importer(815301076,1909f56bfc062723c751e8b465ee728b)
Start importing Assets/Scroll.png using Guid(a80419af074deb7428bf6506749e4332) Importer(815301076,1909f56bfc062723c751e8b465ee728b) [PhysX] Initialized MultithreadedTaskDispatcher with 24 workers.
[PhysX] Initialized MultithreadedTaskDispatcher with 24 workers.
 -> (artifact id: '9245c2c4dda131422a7fba83f8b027a1') in 0.057895 seconds
Number of updated asset objects reloaded before import = 0
Number of asset objects unloaded after import = 3
========================================================================
Received Prepare
Caller must complete domain reload
Begin MonoManager ReloadAssembly
Symbol file LoadedFromMemory is not a mono symbol file
- Loaded All Assemblies, in  0.537 seconds
Native extension for WindowsStandalone target not found
Mono: successfully reloaded assembly
- Finished resetting the current domain, in  1.399 seconds
Domain Reload Profiling: 1931ms
	BeginReloadAssembly (148ms)
		ExecutionOrderSort (0ms)
		DisableScriptedObjects (8ms)
		BackupInstance (0ms)
		ReleaseScriptingObjects (0ms)
		CreateAndSetChildDomain (34ms)
	RebuildCommonClasses (30ms)
	RebuildNativeTypeToScriptingClass (8ms)
	initialDomainReloadingComplete (38ms)
	LoadAllAssembliesAndSetupDomain (308ms)
		LoadAssemblies (340ms)
		RebuildTransferFunctionScriptingTraits (0ms)
		AnalyzeDomain (46ms)
			TypeCache.Refresh (11ms)
				TypeCache.ScanAssembly (1ms)
			ScanForSourceGeneratedMonoScriptInfo (24ms)
			ResolveRequiredComponents (10ms)
	FinalizeReload (1400ms)
		ReleaseScriptCaches (0ms)
		RebuildScriptCaches (0ms)
		SetupLoadedEditorAssemblies (580ms)
			LogAssemblyErrors (0ms)
			InitializePlatformSupportModulesInManaged (5ms)
			SetLoadedEditorAssemblies (4ms)
			RefreshPlugins (0ms)
			BeforeProcessingInitializeOnLoad (104ms)
			ProcessInitializeOnLoadAttributes (296ms)
			ProcessInitializeOnLoadMethodAttributes (165ms)
			AfterProcessingInitializeOnLoad (5ms)
			EditorAssembliesLoaded (0ms)
		ExecutionOrderSort2 (0ms)
		AwakeInstancesAfterBackupRestoration (19ms)
Refreshing native plugins compatible for Editor in 14.31 ms, found 4 plugins.
Preloading 0 native plugins for Editor in 0.00 ms.
Unloading 7240 Unused Serialized files (Serialized files now loaded: 0)
Unloading 40 unused Assets / (0.9 MB). Loaded Objects now: 7976.
Memory consumption went from 241.0 MB to 240.0 MB.
Total: 7.031200 ms (FindLiveObjects: 0.397600 ms CreateObjectMapping: 0.195000 ms MarkObjects: 6.034300 ms  DeleteObjects: 0.403300 ms)

Prepare: number of updated asset objects reloaded= 0
AssetImportParameters requested are different than current active one (requested -> active):
  custom:container-demuxer-ogg: 62fdf1f143b41e24485cea50d1cbac27 -> 
  custom:framework-win-MediaFoundation: 216162199b28c13a410421893ffa2e32 -> 
  custom:container-muxer-webm: aa71ff27fc2769a1b78a27578f13a17b -> 
  custom:video-decoder-webm-vp8: 9c59270c3fd7afecdb556c50c9e8de78 -> 
  custom:SearchIndexIgnoredProperties: e643bd26f0fe6173181afceb89e7c659 -> 
  custom:AudioImporter_EditorPlatform: d09bf68614088b80899f8185d706f6e7 -> 
  custom:audio-decoder-ogg-vorbis: bf7c407c2cedff20999df2af8eb42d56 -> 
  custom:audio-encoder-webm-vorbis: bf7c407c2cedff20999df2af8eb42d56 -> 
  custom:scripting/precompiled-assembly-types:Assembly-CSharp: c0e99b9e22019ddd826b9a201b85750f -> 3498e5a4b474caacfbfa4f6df0c97178
  custom:video-codec-MediaFoundation-h265: 746d11721c4dcdbdad8f713fa42b33f4 -> 
  custom:video-decoder-ogg-theora: a1e56fd34408186e4bbccfd4996cb3dc -> 
  custom:CustomObjectIndexerAttribute: 72b91833f83ae208fae7752999fa3104 -> 
  custom:scripting/monoscript/fileName/ScrollScript.cs: abedec55a1563177c63056ccb2bdf5e2 -> 
  custom:container-demuxer-webm: 4f35f7cbe854078d1ac9338744f61a02 -> 
  custom:video-encoder-webm-vp8: eb34c28f22e8b96e1ab97ce403110664 -> 
========================================================================
Received Prepare
Caller must complete domain reload
Begin MonoManager ReloadAssembly
Symbol file LoadedFromMemory is not a mono symbol file
- Loaded All Assemblies, in  0.446 seconds
Native extension for WindowsStandalone target not found
Mono: successfully reloaded assembly
- Finished resetting the current domain, in  1.150 seconds
Domain Reload Profiling: 1592ms
	BeginReloadAssembly (122ms)
		ExecutionOrderSort (0ms)
		DisableScriptedObjects (7ms)
		BackupInstance (0ms)
		ReleaseScriptingObjects (0ms)
		CreateAndSetChildDomain (30ms)
	RebuildCommonClasses (21ms)
	RebuildNativeTypeToScriptingClass (7ms)
	initialDomainReloadingComplete (27ms)
	LoadAllAssembliesAndSetupDomain (264ms)
		LoadAssemblies (281ms)
		RebuildTransferFunctionScriptingTraits (0ms)
		AnalyzeDomain (41ms)
			TypeCache.Refresh (10ms)
				TypeCache.ScanAssembly (1ms)
			ScanForSourceGeneratedMonoScriptInfo (21ms)
			ResolveRequiredComponents (9ms)
	FinalizeReload (1150ms)
		ReleaseScriptCaches (0ms)
		RebuildScriptCaches (0ms)
		SetupLoadedEditorAssemblies (495ms)
			LogAssemblyErrors (0ms)
			InitializePlatformSupportModulesInManaged (4ms)
			SetLoadedEditorAssemblies (3ms)
			RefreshPlugins (0ms)
			BeforeProcessingInitializeOnLoad (79ms)
			ProcessInitializeOnLoadAttributes (272ms)
			ProcessInitializeOnLoadMethodAttributes (133ms)
			AfterProcessingInitializeOnLoad (4ms)
			EditorAssembliesLoaded (0ms)
		ExecutionOrderSort2 (0ms)
		AwakeInstancesAfterBackupRestoration (14ms)
Refreshing native plugins compatible for Editor in 15.09 ms, found 4 plugins.
Preloading 0 native plugins for Editor in 0.00 ms.
Unloading 7240 Unused Serialized files (Serialized files now loaded: 0)
Unloading 40 unused Assets / (0.9 MB). Loaded Objects now: 7993.
Memory consumption went from 241.0 MB to 240.0 MB.
Total: 7.395100 ms (FindLiveObjects: 0.467400 ms CreateObjectMapping: 0.235700 ms MarkObjects: 6.266300 ms  DeleteObjects: 0.424100 ms)

Prepare: number of updated asset objects reloaded= 0
AssetImportParameters requested are different than current active one (requested -> active):
  custom:container-demuxer-ogg: 62fdf1f143b41e24485cea50d1cbac27 -> 
  custom:framework-win-MediaFoundation: 216162199b28c13a410421893ffa2e32 -> 
  custom:container-muxer-webm: aa71ff27fc2769a1b78a27578f13a17b -> 
  custom:video-decoder-webm-vp8: 9c59270c3fd7afecdb556c50c9e8de78 -> 
  custom:SearchIndexIgnoredProperties: e643bd26f0fe6173181afceb89e7c659 -> 
  custom:AudioImporter_EditorPlatform: d09bf68614088b80899f8185d706f6e7 -> 
  custom:audio-decoder-ogg-vorbis: bf7c407c2cedff20999df2af8eb42d56 -> 
  custom:audio-encoder-webm-vorbis: bf7c407c2cedff20999df2af8eb42d56 -> 
  custom:scripting/precompiled-assembly-types:Assembly-CSharp: c0e99b9e22019ddd826b9a201b85750f -> 3498e5a4b474caacfbfa4f6df0c97178
  custom:video-codec-MediaFoundation-h265: 746d11721c4dcdbdad8f713fa42b33f4 -> 
  custom:video-decoder-ogg-theora: a1e56fd34408186e4bbccfd4996cb3dc -> 
  custom:CustomObjectIndexerAttribute: 72b91833f83ae208fae7752999fa3104 -> 
  custom:scripting/monoscript/fileName/ScrollScript.cs: abedec55a1563177c63056ccb2bdf5e2 -> 
  custom:container-demuxer-webm: 4f35f7cbe854078d1ac9338744f61a02 -> 
  custom:video-encoder-webm-vp8: eb34c28f22e8b96e1ab97ce403110664 -> 
========================================================================
Received Import Request.
  Time since last request: 350.045543 seconds.
  path: Assets/Scripts/PlayerInput.inputactions
  artifactKey: Guid(3c07ff2767834db40adbd3a8e49e3b4b) Importer(815301076,1909f56bfc062723c751e8b465ee728b)
Start importing Assets/Scripts/PlayerInput.inputactions using Guid(3c07ff2767834db40adbd3a8e49e3b4b) Importer(815301076,1909f56bfc062723c751e8b465ee728b) [PhysX] Initialized MultithreadedTaskDispatcher with 24 workers.
 -> (artifact id: 'e1ce00c1a58096e52aceae4338606e64') in 0.002190 seconds
Number of updated asset objects reloaded before import = 0
Number of asset objects unloaded after import = 0
========================================================================
Received Import Request.
  Time since last request: 33.839286 seconds.
  path: Assets/background-assets/Abusive Prison Tileset Pack/img/characters/!$Computer-Console-011-Prison-Console.png
  artifactKey: Guid(a5c7a12b1a8d4694d9e618a782d99ef6) Importer(815301076,1909f56bfc062723c751e8b465ee728b)
Start importing Assets/background-assets/Abusive Prison Tileset Pack/img/characters/!$Computer-Console-011-Prison-Console.png using Guid(a5c7a12b1a8d4694d9e618a782d99ef6) Importer(815301076,1909f56bfc062723c751e8b465ee728b) [PhysX] Initialized MultithreadedTaskDispatcher with 24 workers.
[PhysX] Initialized MultithreadedTaskDispatcher with 24 workers.
 -> (artifact id: '6bc45a364cde28e8fdd67e6efb0a5b2d') in 0.071216 seconds
Number of updated asset objects reloaded before import = 0
Number of asset objects unloaded after import = 3
========================================================================
Received Import Request.
  Time since last request: 0.000019 seconds.
  path: Assets/background-assets/Abusive Prison Tileset Pack/img/characters/!$Computer-Console-012-Prison-Medical.png
  artifactKey: Guid(af13d637e8c46b64892caa95bfe285f2) Importer(815301076,1909f56bfc062723c751e8b465ee728b)
Start importing Assets/background-assets/Abusive Prison Tileset Pack/img/characters/!$Computer-Console-012-Prison-Medical.png using Guid(af13d637e8c46b64892caa95bfe285f2) Importer(815301076,1909f56bfc062723c751e8b465ee728b) [PhysX] Initialized MultithreadedTaskDispatcher with 24 workers.
[PhysX] Initialized MultithreadedTaskDispatcher with 24 workers.
 -> (artifact id: 'c0753adfec477e10c978f32fbe378ca4') in 0.025203 seconds
Number of updated asset objects reloaded before import = 0
Number of asset objects unloaded after import = 3
========================================================================
Received Import Request.
  Time since last request: 0.000023 seconds.
  path: Assets/background-assets/Abusive Prison Tileset Pack/img/fogs/$Light_Fog1.png
  artifactKey: Guid(b5e8eaa80c535974e90b2c7e853bacef) Importer(815301076,1909f56bfc062723c751e8b465ee728b)
Start importing Assets/background-assets/Abusive Prison Tileset Pack/img/fogs/$Light_Fog1.png using Guid(b5e8eaa80c535974e90b2c7e853bacef) Importer(815301076,1909f56bfc062723c751e8b465ee728b) [PhysX] Initialized MultithreadedTaskDispatcher with 24 workers.
[PhysX] Initialized MultithreadedTaskDispatcher with 24 workers.
 -> (artifact id: 'ceed893fd1fa1fb2c18ecf38e965d499') in 0.035297 seconds
Number of updated asset objects reloaded before import = 0
Number of asset objects unloaded after import = 3
========================================================================
Received Import Request.
  Time since last request: 0.000017 seconds.
  path: Assets/background-assets/Abusive Prison Tileset Pack/img/sv_enemies/!$PrisonerSoldier-01.png
  artifactKey: Guid(cc3b0f43104937542b02ae9660fe6e76) Importer(815301076,1909f56bfc062723c751e8b465ee728b)
Start importing Assets/background-assets/Abusive Prison Tileset Pack/img/sv_enemies/!$PrisonerSoldier-01.png using Guid(cc3b0f43104937542b02ae9660fe6e76) Importer(815301076,1909f56bfc062723c751e8b465ee728b) [PhysX] Initialized MultithreadedTaskDispatcher with 24 workers.
[PhysX] Initialized MultithreadedTaskDispatcher with 24 workers.
 -> (artifact id: '7219f181b924711d5d3008287c32765f') in 0.025727 seconds
Number of updated asset objects reloaded before import = 0
Number of asset objects unloaded after import = 3
========================================================================
Received Import Request.
  Time since last request: 0.835370 seconds.
  path: Assets/background-assets/Abusive Prison Tileset Pack/img/fogs/$Menu_Fog2.png
  artifactKey: Guid(2b3b44bd66942534faff475b6b3a0263) Importer(815301076,1909f56bfc062723c751e8b465ee728b)
Start importing Assets/background-assets/Abusive Prison Tileset Pack/img/fogs/$Menu_Fog2.png using Guid(2b3b44bd66942534faff475b6b3a0263) Importer(815301076,1909f56bfc062723c751e8b465ee728b) [PhysX] Initialized MultithreadedTaskDispatcher with 24 workers.
[PhysX] Initialized MultithreadedTaskDispatcher with 24 workers.
 -> (artifact id: '75b9472de2330c263ac90c0d9e7a829e') in 0.031873 seconds
Number of updated asset objects reloaded before import = 0
Number of asset objects unloaded after import = 3
========================================================================
Received Import Request.
  Time since last request: 0.000031 seconds.
  path: Assets/background-assets/Abusive Prison Tileset Pack/img/fogs/$Menu_Fog3.png
  artifactKey: Guid(06930957eb297c248adea38669cf9139) Importer(815301076,1909f56bfc062723c751e8b465ee728b)
Start importing Assets/background-assets/Abusive Prison Tileset Pack/img/fogs/$Menu_Fog3.png using Guid(06930957eb297c248adea38669cf9139) Importer(815301076,1909f56bfc062723c751e8b465ee728b) [PhysX] Initialized MultithreadedTaskDispatcher with 24 workers.
[PhysX] Initialized MultithreadedTaskDispatcher with 24 workers.
 -> (artifact id: 'c2513611f4627139d12a8fd745753079') in 0.026575 seconds
Number of updated asset objects reloaded before import = 0
Number of asset objects unloaded after import = 3
========================================================================
Received Import Request.
  Time since last request: 0.000016 seconds.
  path: Assets/background-assets/Abusive Prison Tileset Pack/img/characters/$Prisoner-F-2.png
  artifactKey: Guid(f8884cf0788139f4985c30cc473d6988) Importer(815301076,1909f56bfc062723c751e8b465ee728b)
Start importing Assets/background-assets/Abusive Prison Tileset Pack/img/characters/$Prisoner-F-2.png using Guid(f8884cf0788139f4985c30cc473d6988) Importer(815301076,1909f56bfc062723c751e8b465ee728b) [PhysX] Initialized MultithreadedTaskDispatcher with 24 workers.
[PhysX] Initialized MultithreadedTaskDispatcher with 24 workers.
 -> (artifact id: '8a915028d74d5bcdb173f1b9ffc05d91') in 0.024754 seconds
Number of updated asset objects reloaded before import = 0
Number of asset objects unloaded after import = 3
========================================================================
Received Import Request.
  Time since last request: 0.016525 seconds.
  path: Assets/background-assets/Abusive Prison Tileset Pack/img/characters/$Prisoner-F-4.png
  artifactKey: Guid(c91988557e39c5749b1a22962b0c2984) Importer(815301076,1909f56bfc062723c751e8b465ee728b)
Start importing Assets/background-assets/Abusive Prison Tileset Pack/img/characters/$Prisoner-F-4.png using Guid(c91988557e39c5749b1a22962b0c2984) Importer(815301076,1909f56bfc062723c751e8b465ee728b) [PhysX] Initialized MultithreadedTaskDispatcher with 24 workers.
[PhysX] Initialized MultithreadedTaskDispatcher with 24 workers.
 -> (artifact id: 'e30f588fb0c0fda86f80f124a8cb4957') in 0.024456 seconds
Number of updated asset objects reloaded before import = 0
Number of asset objects unloaded after import = 3
========================================================================
Received Import Request.
  Time since last request: 0.000016 seconds.
  path: Assets/background-assets/Abusive Prison Tileset Pack/img/characters/$Prisoner-F-6.png
  artifactKey: Guid(7eb4faaa788856041a1b9b4d5a48ca7b) Importer(815301076,1909f56bfc062723c751e8b465ee728b)
Start importing Assets/background-assets/Abusive Prison Tileset Pack/img/characters/$Prisoner-F-6.png using Guid(7eb4faaa788856041a1b9b4d5a48ca7b) Importer(815301076,1909f56bfc062723c751e8b465ee728b) [PhysX] Initialized MultithreadedTaskDispatcher with 24 workers.
[PhysX] Initialized MultithreadedTaskDispatcher with 24 workers.
 -> (artifact id: 'e41cc7f1c756c0672d10de3ccbc0c97d') in 0.023290 seconds
Number of updated asset objects reloaded before import = 0
Number of asset objects unloaded after import = 3
========================================================================
Received Import Request.
  Time since last request: 0.366025 seconds.
  path: Assets/background-assets/Abusive Prison Tileset Pack/img/characters/$Prisoner-F-8.png
  artifactKey: Guid(9d6e21e44d957d14dbf6822d226fa09f) Importer(815301076,1909f56bfc062723c751e8b465ee728b)
Start importing Assets/background-assets/Abusive Prison Tileset Pack/img/characters/$Prisoner-F-8.png using Guid(9d6e21e44d957d14dbf6822d226fa09f) Importer(815301076,1909f56bfc062723c751e8b465ee728b) [PhysX] Initialized MultithreadedTaskDispatcher with 24 workers.
[PhysX] Initialized MultithreadedTaskDispatcher with 24 workers.
 -> (artifact id: '20a644231618bc7a1dd74c26d5a03d73') in 0.041531 seconds
Number of updated asset objects reloaded before import = 0
Number of asset objects unloaded after import = 3
========================================================================
Received Import Request.
  Time since last request: 0.000015 seconds.
  path: Assets/background-assets/Abusive Prison Tileset Pack/img/characters/$Prisoner-F-10.png
  artifactKey: Guid(cced035fe26a25d46980d7a31b321701) Importer(815301076,1909f56bfc062723c751e8b465ee728b)
Start importing Assets/background-assets/Abusive Prison Tileset Pack/img/characters/$Prisoner-F-10.png using Guid(cced035fe26a25d46980d7a31b321701) Importer(815301076,1909f56bfc062723c751e8b465ee728b) [PhysX] Initialized MultithreadedTaskDispatcher with 24 workers.
[PhysX] Initialized MultithreadedTaskDispatcher with 24 workers.
 -> (artifact id: '3c30f8f87963887b36f3368df09b9452') in 0.024412 seconds
Number of updated asset objects reloaded before import = 0
Number of asset objects unloaded after import = 3
========================================================================
Received Import Request.
  Time since last request: 0.001946 seconds.
  path: Assets/background-assets/Abusive Prison Tileset Pack/img/characters/$Prisoner-F-12.png
  artifactKey: Guid(77372a9b9b2dbf640a17fbc1955cef67) Importer(815301076,1909f56bfc062723c751e8b465ee728b)
Start importing Assets/background-assets/Abusive Prison Tileset Pack/img/characters/$Prisoner-F-12.png using Guid(77372a9b9b2dbf640a17fbc1955cef67) Importer(815301076,1909f56bfc062723c751e8b465ee728b) [PhysX] Initialized MultithreadedTaskDispatcher with 24 workers.
[PhysX] Initialized MultithreadedTaskDispatcher with 24 workers.
 -> (artifact id: '6f2384e60b133e78bc61b8548f521b4b') in 0.023628 seconds
Number of updated asset objects reloaded before import = 0
Number of asset objects unloaded after import = 3
========================================================================
Received Import Request.
  Time since last request: 0.000019 seconds.
  path: Assets/background-assets/Abusive Prison Tileset Pack/img/characters/$Prisoner-F-14.png
  artifactKey: Guid(0a84f27c228597e47871c80e799bb95e) Importer(815301076,1909f56bfc062723c751e8b465ee728b)
Start importing Assets/background-assets/Abusive Prison Tileset Pack/img/characters/$Prisoner-F-14.png using Guid(0a84f27c228597e47871c80e799bb95e) Importer(815301076,1909f56bfc062723c751e8b465ee728b) [PhysX] Initialized MultithreadedTaskDispatcher with 24 workers.
[PhysX] Initialized MultithreadedTaskDispatcher with 24 workers.
 -> (artifact id: '5e7579b8232e53885337996fb6151498') in 0.024775 seconds
Number of updated asset objects reloaded before import = 0
Number of asset objects unloaded after import = 3
========================================================================
Received Import Request.
  Time since last request: 0.322719 seconds.
  path: Assets/background-assets/Abusive Prison Tileset Pack/img/characters/$Prisoner-F-16.png
  artifactKey: Guid(46aad80d9d3dab141942a092dc8a7e27) Importer(815301076,1909f56bfc062723c751e8b465ee728b)
Start importing Assets/background-assets/Abusive Prison Tileset Pack/img/characters/$Prisoner-F-16.png using Guid(46aad80d9d3dab141942a092dc8a7e27) Importer(815301076,1909f56bfc062723c751e8b465ee728b) [PhysX] Initialized MultithreadedTaskDispatcher with 24 workers.
[PhysX] Initialized MultithreadedTaskDispatcher with 24 workers.
 -> (artifact id: 'c66152191ab6cd6f74331a6d64cab2aa') in 0.045066 seconds
Number of updated asset objects reloaded before import = 0
Number of asset objects unloaded after import = 3
========================================================================
Received Import Request.
  Time since last request: 0.000019 seconds.
  path: Assets/background-assets/Abusive Prison Tileset Pack/img/characters/$Prisoner-F-18.png
  artifactKey: Guid(4ee594cfd04f1bb46bd5d543e26c452e) Importer(815301076,1909f56bfc062723c751e8b465ee728b)
Start importing Assets/background-assets/Abusive Prison Tileset Pack/img/characters/$Prisoner-F-18.png using Guid(4ee594cfd04f1bb46bd5d543e26c452e) Importer(815301076,1909f56bfc062723c751e8b465ee728b) [PhysX] Initialized MultithreadedTaskDispatcher with 24 workers.
[PhysX] Initialized MultithreadedTaskDispatcher with 24 workers.
 -> (artifact id: 'b9693f6731118e78754c62d97b4710bb') in 0.024800 seconds
Number of updated asset objects reloaded before import = 0
Number of asset objects unloaded after import = 3
========================================================================
Received Import Request.
  Time since last request: 0.000017 seconds.
  path: Assets/background-assets/Abusive Prison Tileset Pack/img/characters/$Prisoner-F-21.png
  artifactKey: Guid(f294cf5cf1d8afb4892955cbc2e866a7) Importer(815301076,1909f56bfc062723c751e8b465ee728b)
Start importing Assets/background-assets/Abusive Prison Tileset Pack/img/characters/$Prisoner-F-21.png using Guid(f294cf5cf1d8afb4892955cbc2e866a7) Importer(815301076,1909f56bfc062723c751e8b465ee728b) [PhysX] Initialized MultithreadedTaskDispatcher with 24 workers.
[PhysX] Initialized MultithreadedTaskDispatcher with 24 workers.
 -> (artifact id: 'a8919587ce96ff6f9905668a547ba1c1') in 0.024090 seconds
Number of updated asset objects reloaded before import = 0
Number of asset objects unloaded after import = 3
========================================================================
Received Import Request.
  Time since last request: 0.000021 seconds.
  path: Assets/background-assets/Abusive Prison Tileset Pack/img/characters/$Prisoner-F-24.png
  artifactKey: Guid(8cbc34188a4d7be4dbb6fffc6cae064f) Importer(815301076,1909f56bfc062723c751e8b465ee728b)
Start importing Assets/background-assets/Abusive Prison Tileset Pack/img/characters/$Prisoner-F-24.png using Guid(8cbc34188a4d7be4dbb6fffc6cae064f) Importer(815301076,1909f56bfc062723c751e8b465ee728b) [PhysX] Initialized MultithreadedTaskDispatcher with 24 workers.
[PhysX] Initialized MultithreadedTaskDispatcher with 24 workers.
 -> (artifact id: '15bed282b9107a135fe3f4eb11677996') in 0.024564 seconds
Number of updated asset objects reloaded before import = 0
Number of asset objects unloaded after import = 3
========================================================================
Received Import Request.
  Time since last request: 0.000017 seconds.
  path: Assets/background-assets/Abusive Prison Tileset Pack/img/characters/$Prisoner-F-17.png
  artifactKey: Guid(5c760883bbce80f4ea597b94a4846125) Importer(815301076,1909f56bfc062723c751e8b465ee728b)
Start importing Assets/background-assets/Abusive Prison Tileset Pack/img/characters/$Prisoner-F-17.png using Guid(5c760883bbce80f4ea597b94a4846125) Importer(815301076,1909f56bfc062723c751e8b465ee728b) [PhysX] Initialized MultithreadedTaskDispatcher with 24 workers.
[PhysX] Initialized MultithreadedTaskDispatcher with 24 workers.
 -> (artifact id: '14a3678ce5d0700976ceb4e50bc03df4') in 0.024706 seconds
Number of updated asset objects reloaded before import = 0
Number of asset objects unloaded after import = 3
========================================================================
Received Import Request.
  Time since last request: 0.295787 seconds.
  path: Assets/background-assets/Abusive Prison Tileset Pack/img/characters/$Prisoner-F-26.png
  artifactKey: Guid(f72dc6b16f583fd43b2f2336de116b63) Importer(815301076,1909f56bfc062723c751e8b465ee728b)
Start importing Assets/background-assets/Abusive Prison Tileset Pack/img/characters/$Prisoner-F-26.png using Guid(f72dc6b16f583fd43b2f2336de116b63) Importer(815301076,1909f56bfc062723c751e8b465ee728b) [PhysX] Initialized MultithreadedTaskDispatcher with 24 workers.
[PhysX] Initialized MultithreadedTaskDispatcher with 24 workers.
 -> (artifact id: 'cec271c11281045a9bc9c4242c5235dc') in 0.024763 seconds
Number of updated asset objects reloaded before import = 0
Number of asset objects unloaded after import = 3
========================================================================
Received Import Request.
  Time since last request: 0.000016 seconds.
  path: Assets/background-assets/Abusive Prison Tileset Pack/img/characters/$Prisoner-F-28.png
  artifactKey: Guid(f9176217058cb9e4a8b8bd0cde1dd2aa) Importer(815301076,1909f56bfc062723c751e8b465ee728b)
Start importing Assets/background-assets/Abusive Prison Tileset Pack/img/characters/$Prisoner-F-28.png using Guid(f9176217058cb9e4a8b8bd0cde1dd2aa) Importer(815301076,1909f56bfc062723c751e8b465ee728b) [PhysX] Initialized MultithreadedTaskDispatcher with 24 workers.
[PhysX] Initialized MultithreadedTaskDispatcher with 24 workers.
 -> (artifact id: 'a1db113fa9073e9cfc1539528c26ecc9') in 0.024422 seconds
Number of updated asset objects reloaded before import = 0
Number of asset objects unloaded after import = 3
========================================================================
Received Import Request.
  Time since last request: 0.000017 seconds.
  path: Assets/background-assets/Abusive Prison Tileset Pack/img/characters/$Prisoner-F-30.png
  artifactKey: Guid(728142a55df6a894bb94cae548d288c9) Importer(815301076,1909f56bfc062723c751e8b465ee728b)
Start importing Assets/background-assets/Abusive Prison Tileset Pack/img/characters/$Prisoner-F-30.png using Guid(728142a55df6a894bb94cae548d288c9) Importer(815301076,1909f56bfc062723c751e8b465ee728b) [PhysX] Initialized MultithreadedTaskDispatcher with 24 workers.
[PhysX] Initialized MultithreadedTaskDispatcher with 24 workers.
 -> (artifact id: '3af9819e56982843d880a4bab8628b9d') in 0.023973 seconds
Number of updated asset objects reloaded before import = 0
Number of asset objects unloaded after import = 3
========================================================================
Received Import Request.
  Time since last request: 0.000014 seconds.
  path: Assets/background-assets/Abusive Prison Tileset Pack/img/characters/$Prisoner-F-31.png
  artifactKey: Guid(7ce18af0d90613c47b2f1bfc64d9c8cc) Importer(815301076,1909f56bfc062723c751e8b465ee728b)
Start importing Assets/background-assets/Abusive Prison Tileset Pack/img/characters/$Prisoner-F-31.png using Guid(7ce18af0d90613c47b2f1bfc64d9c8cc) Importer(815301076,1909f56bfc062723c751e8b465ee728b) [PhysX] Initialized MultithreadedTaskDispatcher with 24 workers.
[PhysX] Initialized MultithreadedTaskDispatcher with 24 workers.
 -> (artifact id: 'd2752ee3fe8054a1b29111a5d7fbfb87') in 0.026134 seconds
Number of updated asset objects reloaded before import = 0
Number of asset objects unloaded after import = 3
========================================================================
Received Import Request.
  Time since last request: 0.186900 seconds.
  path: Assets/background-assets/Abusive Prison Tileset Pack/img/characters/$Prisoner-F-34.png
  artifactKey: Guid(a06ed7098295d094a98c618619c8a7f4) Importer(815301076,1909f56bfc062723c751e8b465ee728b)
Start importing Assets/background-assets/Abusive Prison Tileset Pack/img/characters/$Prisoner-F-34.png using Guid(a06ed7098295d094a98c618619c8a7f4) Importer(815301076,1909f56bfc062723c751e8b465ee728b) [PhysX] Initialized MultithreadedTaskDispatcher with 24 workers.
[PhysX] Initialized MultithreadedTaskDispatcher with 24 workers.
 -> (artifact id: '5a450e0c9f81d07de890bd93c2a4c0bd') in 0.029390 seconds
Number of updated asset objects reloaded before import = 0
Number of asset objects unloaded after import = 3
========================================================================
Received Import Request.
  Time since last request: 0.000018 seconds.
  path: Assets/background-assets/Abusive Prison Tileset Pack/img/characters/$Prisoner-F-35.png
  artifactKey: Guid(0d7edca4e5972be4c9c07955b0c28112) Importer(815301076,1909f56bfc062723c751e8b465ee728b)
Start importing Assets/background-assets/Abusive Prison Tileset Pack/img/characters/$Prisoner-F-35.png using Guid(0d7edca4e5972be4c9c07955b0c28112) Importer(815301076,1909f56bfc062723c751e8b465ee728b) [PhysX] Initialized MultithreadedTaskDispatcher with 24 workers.
[PhysX] Initialized MultithreadedTaskDispatcher with 24 workers.
 -> (artifact id: '7074ac3de4f9e0fa7ab734b508877cbd') in 0.023352 seconds
Number of updated asset objects reloaded before import = 0
Number of asset objects unloaded after import = 3
========================================================================
Received Import Request.
  Time since last request: 0.000023 seconds.
  path: Assets/background-assets/Abusive Prison Tileset Pack/img/characters/$Prisoner-F-37.png
  artifactKey: Guid(407c4249211700046bebf702bdd485c2) Importer(815301076,1909f56bfc062723c751e8b465ee728b)
Start importing Assets/background-assets/Abusive Prison Tileset Pack/img/characters/$Prisoner-F-37.png using Guid(407c4249211700046bebf702bdd485c2) Importer(815301076,1909f56bfc062723c751e8b465ee728b) [PhysX] Initialized MultithreadedTaskDispatcher with 24 workers.
[PhysX] Initialized MultithreadedTaskDispatcher with 24 workers.
 -> (artifact id: 'c7eac1935bacf21a59c47f8bdf7262e7') in 0.025536 seconds
Number of updated asset objects reloaded before import = 0
Number of asset objects unloaded after import = 3
========================================================================
Received Import Request.
  Time since last request: 0.000098 seconds.
  path: Assets/background-assets/Abusive Prison Tileset Pack/img/characters/$Prisoner-F-42.png
  artifactKey: Guid(24ec8a151f110474d98f2f28216000ef) Importer(815301076,1909f56bfc062723c751e8b465ee728b)
Start importing Assets/background-assets/Abusive Prison Tileset Pack/img/characters/$Prisoner-F-42.png using Guid(24ec8a151f110474d98f2f28216000ef) Importer(815301076,1909f56bfc062723c751e8b465ee728b) [PhysX] Initialized MultithreadedTaskDispatcher with 24 workers.
[PhysX] Initialized MultithreadedTaskDispatcher with 24 workers.
 -> (artifact id: 'ddd1a538067a31e5c0511f6992303bcb') in 0.025278 seconds
Number of updated asset objects reloaded before import = 0
Number of asset objects unloaded after import = 3
========================================================================
Received Import Request.
  Time since last request: 0.000016 seconds.
  path: Assets/background-assets/Abusive Prison Tileset Pack/img/characters/$Prisoner-F-41.png
  artifactKey: Guid(a51d2dab5d667114f87319f823e1bb2f) Importer(815301076,1909f56bfc062723c751e8b465ee728b)
Start importing Assets/background-assets/Abusive Prison Tileset Pack/img/characters/$Prisoner-F-41.png using Guid(a51d2dab5d667114f87319f823e1bb2f) Importer(815301076,1909f56bfc062723c751e8b465ee728b) [PhysX] Initialized MultithreadedTaskDispatcher with 24 workers.
[PhysX] Initialized MultithreadedTaskDispatcher with 24 workers.
 -> (artifact id: 'b953f6e9d43fac9440193e0f21a6527b') in 0.026226 seconds
Number of updated asset objects reloaded before import = 0
Number of asset objects unloaded after import = 3
========================================================================
Received Import Request.
  Time since last request: 0.196775 seconds.
  path: Assets/background-assets/Abusive Prison Tileset Pack/img/characters/$Prisoner-F-44.png
  artifactKey: Guid(acd3510c63741bf41a20610f1a25e886) Importer(815301076,1909f56bfc062723c751e8b465ee728b)
Start importing Assets/background-assets/Abusive Prison Tileset Pack/img/characters/$Prisoner-F-44.png using Guid(acd3510c63741bf41a20610f1a25e886) Importer(815301076,1909f56bfc062723c751e8b465ee728b) [PhysX] Initialized MultithreadedTaskDispatcher with 24 workers.
[PhysX] Initialized MultithreadedTaskDispatcher with 24 workers.
 -> (artifact id: '3772fde439ae316706f5c4abb17c3999') in 0.041008 seconds
Number of updated asset objects reloaded before import = 0
Number of asset objects unloaded after import = 3
========================================================================
Received Import Request.
  Time since last request: 0.000014 seconds.
  path: Assets/background-assets/Abusive Prison Tileset Pack/img/characters/$Prisoner-F-45.png
  artifactKey: Guid(4e72b3a2b2c87fc469f148593e4f05d8) Importer(815301076,1909f56bfc062723c751e8b465ee728b)
Start importing Assets/background-assets/Abusive Prison Tileset Pack/img/characters/$Prisoner-F-45.png using Guid(4e72b3a2b2c87fc469f148593e4f05d8) Importer(815301076,1909f56bfc062723c751e8b465ee728b) [PhysX] Initialized MultithreadedTaskDispatcher with 24 workers.
[PhysX] Initialized MultithreadedTaskDispatcher with 24 workers.
 -> (artifact id: 'f30814e943aea53d734492faf005ed4a') in 0.026387 seconds
Number of updated asset objects reloaded before import = 0
Number of asset objects unloaded after import = 3
========================================================================
Received Import Request.
  Time since last request: 0.000016 seconds.
  path: Assets/background-assets/Abusive Prison Tileset Pack/img/characters/$Prisoner-F-49.png
  artifactKey: Guid(9fc2436778108f5448154d753ba183ad) Importer(815301076,1909f56bfc062723c751e8b465ee728b)
Start importing Assets/background-assets/Abusive Prison Tileset Pack/img/characters/$Prisoner-F-49.png using Guid(9fc2436778108f5448154d753ba183ad) Importer(815301076,1909f56bfc062723c751e8b465ee728b) [PhysX] Initialized MultithreadedTaskDispatcher with 24 workers.
[PhysX] Initialized MultithreadedTaskDispatcher with 24 workers.
 -> (artifact id: '7c32f9daeec0333561d721946ad41f3b') in 0.025732 seconds
Number of updated asset objects reloaded before import = 0
Number of asset objects unloaded after import = 3
========================================================================
Received Import Request.
  Time since last request: 0.000023 seconds.
  path: Assets/background-assets/Abusive Prison Tileset Pack/img/characters/$Prisoner-F-53.png
  artifactKey: Guid(c6790cf4e3aad884f829c7c77baa6942) Importer(815301076,1909f56bfc062723c751e8b465ee728b)
Start importing Assets/background-assets/Abusive Prison Tileset Pack/img/characters/$Prisoner-F-53.png using Guid(c6790cf4e3aad884f829c7c77baa6942) Importer(815301076,1909f56bfc062723c751e8b465ee728b) [PhysX] Initialized MultithreadedTaskDispatcher with 24 workers.
[PhysX] Initialized MultithreadedTaskDispatcher with 24 workers.
 -> (artifact id: '14c6c26287d2bb4a6671a123c57a1f89') in 0.024793 seconds
Number of updated asset objects reloaded before import = 0
Number of asset objects unloaded after import = 3
========================================================================
Received Import Request.
  Time since last request: 0.000016 seconds.
  path: Assets/background-assets/Abusive Prison Tileset Pack/img/characters/$Prisoner-F-48.png
  artifactKey: Guid(2f7c4d291587d36478c021c13ff006b4) Importer(815301076,1909f56bfc062723c751e8b465ee728b)
Start importing Assets/background-assets/Abusive Prison Tileset Pack/img/characters/$Prisoner-F-48.png using Guid(2f7c4d291587d36478c021c13ff006b4) Importer(815301076,1909f56bfc062723c751e8b465ee728b) [PhysX] Initialized MultithreadedTaskDispatcher with 24 workers.
[PhysX] Initialized MultithreadedTaskDispatcher with 24 workers.
 -> (artifact id: '8f6534e7261a3efd8bff84543b0b882b') in 0.023908 seconds
Number of updated asset objects reloaded before import = 0
Number of asset objects unloaded after import = 3
========================================================================
Received Import Request.
  Time since last request: 0.000017 seconds.
  path: Assets/background-assets/Abusive Prison Tileset Pack/img/characters/$Prisoner-F-47.png
  artifactKey: Guid(7cea99018e35e66429a2a2ca74669c48) Importer(815301076,1909f56bfc062723c751e8b465ee728b)
Start importing Assets/background-assets/Abusive Prison Tileset Pack/img/characters/$Prisoner-F-47.png using Guid(7cea99018e35e66429a2a2ca74669c48) Importer(815301076,1909f56bfc062723c751e8b465ee728b) [PhysX] Initialized MultithreadedTaskDispatcher with 24 workers.
[PhysX] Initialized MultithreadedTaskDispatcher with 24 workers.
 -> (artifact id: '00424ef607d17c52a9f274d3145bdfd3') in 0.028217 seconds
Number of updated asset objects reloaded before import = 0
Number of asset objects unloaded after import = 3
========================================================================
Received Import Request.
  Time since last request: 0.129167 seconds.
  path: Assets/background-assets/Abusive Prison Tileset Pack/img/characters/$Prisoner-F-56.png
  artifactKey: Guid(13d0f62f0caa10c489ec09903e04e39c) Importer(815301076,1909f56bfc062723c751e8b465ee728b)
Start importing Assets/background-assets/Abusive Prison Tileset Pack/img/characters/$Prisoner-F-56.png using Guid(13d0f62f0caa10c489ec09903e04e39c) Importer(815301076,1909f56bfc062723c751e8b465ee728b) [PhysX] Initialized MultithreadedTaskDispatcher with 24 workers.
[PhysX] Initialized MultithreadedTaskDispatcher with 24 workers.
 -> (artifact id: '5db3f70cd269ae5ad34614f98be60898') in 0.027097 seconds
Number of updated asset objects reloaded before import = 0
Number of asset objects unloaded after import = 3
========================================================================
Received Import Request.
  Time since last request: 0.000014 seconds.
  path: Assets/background-assets/Abusive Prison Tileset Pack/img/characters/$Prisoner-F-57.png
  artifactKey: Guid(cd0efa6e6b53a284a979a50d9a254458) Importer(815301076,1909f56bfc062723c751e8b465ee728b)
Start importing Assets/background-assets/Abusive Prison Tileset Pack/img/characters/$Prisoner-F-57.png using Guid(cd0efa6e6b53a284a979a50d9a254458) Importer(815301076,1909f56bfc062723c751e8b465ee728b) [PhysX] Initialized MultithreadedTaskDispatcher with 24 workers.
[PhysX] Initialized MultithreadedTaskDispatcher with 24 workers.
 -> (artifact id: 'b894a23df5cb77059c8053104922d711') in 0.024612 seconds
Number of updated asset objects reloaded before import = 0
Number of asset objects unloaded after import = 3
========================================================================
Received Import Request.
  Time since last request: 0.000016 seconds.
  path: Assets/background-assets/Abusive Prison Tileset Pack/img/characters/$Prisoner-F-61.png
  artifactKey: Guid(359a71546dbba3d4cb728f5dd32caa38) Importer(815301076,1909f56bfc062723c751e8b465ee728b)
Start importing Assets/background-assets/Abusive Prison Tileset Pack/img/characters/$Prisoner-F-61.png using Guid(359a71546dbba3d4cb728f5dd32caa38) Importer(815301076,1909f56bfc062723c751e8b465ee728b) [PhysX] Initialized MultithreadedTaskDispatcher with 24 workers.
[PhysX] Initialized MultithreadedTaskDispatcher with 24 workers.
 -> (artifact id: 'c739bc550cc6b952d8477b9cf40dbdbf') in 0.023403 seconds
Number of updated asset objects reloaded before import = 0
Number of asset objects unloaded after import = 3
========================================================================
Received Import Request.
  Time since last request: 0.000015 seconds.
  path: Assets/background-assets/Abusive Prison Tileset Pack/img/characters/$Prisoner-F-58.png
  artifactKey: Guid(759b7303b1b050043b0b64bdc94f43f7) Importer(815301076,1909f56bfc062723c751e8b465ee728b)
Start importing Assets/background-assets/Abusive Prison Tileset Pack/img/characters/$Prisoner-F-58.png using Guid(759b7303b1b050043b0b64bdc94f43f7) Importer(815301076,1909f56bfc062723c751e8b465ee728b) [PhysX] Initialized MultithreadedTaskDispatcher with 24 workers.
[PhysX] Initialized MultithreadedTaskDispatcher with 24 workers.
 -> (artifact id: 'dc624966f58f8d660fa0d271905abb69') in 0.024583 seconds
Number of updated asset objects reloaded before import = 0
Number of asset objects unloaded after import = 3
========================================================================
Received Import Request.
  Time since last request: 0.207316 seconds.
  path: Assets/background-assets/Abusive Prison Tileset Pack/img/characters/$Prisoner-F-64.png
  artifactKey: Guid(6089fb6413b515b45962cb517443c77d) Importer(815301076,1909f56bfc062723c751e8b465ee728b)
Start importing Assets/background-assets/Abusive Prison Tileset Pack/img/characters/$Prisoner-F-64.png using Guid(6089fb6413b515b45962cb517443c77d) Importer(815301076,1909f56bfc062723c751e8b465ee728b) [PhysX] Initialized MultithreadedTaskDispatcher with 24 workers.
[PhysX] Initialized MultithreadedTaskDispatcher with 24 workers.
 -> (artifact id: 'e85cc04c66f93437e9fc95c3ee0a8f88') in 0.024275 seconds
Number of updated asset objects reloaded before import = 0
Number of asset objects unloaded after import = 3
========================================================================
Received Import Request.
  Time since last request: 0.020480 seconds.
  path: Assets/background-assets/Abusive Prison Tileset Pack/img/characters/$Prisoner-F-66.png
  artifactKey: Guid(89fcdc67ad2e9b049955de40116b9145) Importer(815301076,1909f56bfc062723c751e8b465ee728b)
Start importing Assets/background-assets/Abusive Prison Tileset Pack/img/characters/$Prisoner-F-66.png using Guid(89fcdc67ad2e9b049955de40116b9145) Importer(815301076,1909f56bfc062723c751e8b465ee728b) [PhysX] Initialized MultithreadedTaskDispatcher with 24 workers.
[PhysX] Initialized MultithreadedTaskDispatcher with 24 workers.
 -> (artifact id: '75692ed9ff6ab3b15ace1702d32aed73') in 0.027350 seconds
Number of updated asset objects reloaded before import = 0
Number of asset objects unloaded after import = 3
========================================================================
Received Import Request.
  Time since last request: 0.000047 seconds.
  path: Assets/background-assets/Abusive Prison Tileset Pack/img/characters/$Prisoner-F-69.png
  artifactKey: Guid(55bd98d037d667c47940c7e13b8f5153) Importer(815301076,1909f56bfc062723c751e8b465ee728b)
Start importing Assets/background-assets/Abusive Prison Tileset Pack/img/characters/$Prisoner-F-69.png using Guid(55bd98d037d667c47940c7e13b8f5153) Importer(815301076,1909f56bfc062723c751e8b465ee728b) [PhysX] Initialized MultithreadedTaskDispatcher with 24 workers.
[PhysX] Initialized MultithreadedTaskDispatcher with 24 workers.
 -> (artifact id: '457ece53f44206342ed8316bf5beac3a') in 0.025678 seconds
Number of updated asset objects reloaded before import = 0
Number of asset objects unloaded after import = 3
========================================================================
Received Import Request.
  Time since last request: 0.000016 seconds.
  path: Assets/background-assets/Abusive Prison Tileset Pack/img/characters/$Prisoner-F-71.png
  artifactKey: Guid(27c99a90f31e19840809ce558a0e4582) Importer(815301076,1909f56bfc062723c751e8b465ee728b)
Start importing Assets/background-assets/Abusive Prison Tileset Pack/img/characters/$Prisoner-F-71.png using Guid(27c99a90f31e19840809ce558a0e4582) Importer(815301076,1909f56bfc062723c751e8b465ee728b) [PhysX] Initialized MultithreadedTaskDispatcher with 24 workers.
[PhysX] Initialized MultithreadedTaskDispatcher with 24 workers.
 -> (artifact id: '0582626e4110251288e7fa1517585b21') in 0.028126 seconds
Number of updated asset objects reloaded before import = 0
Number of asset objects unloaded after import = 3
========================================================================
Received Import Request.
  Time since last request: 0.283206 seconds.
  path: Assets/background-assets/Abusive Prison Tileset Pack/img/characters/$Prisoner-M-1.png
  artifactKey: Guid(0399411e3a04ca4478c682aac878dd3c) Importer(815301076,1909f56bfc062723c751e8b465ee728b)
Start importing Assets/background-assets/Abusive Prison Tileset Pack/img/characters/$Prisoner-M-1.png using Guid(0399411e3a04ca4478c682aac878dd3c) Importer(815301076,1909f56bfc062723c751e8b465ee728b) [PhysX] Initialized MultithreadedTaskDispatcher with 24 workers.
[PhysX] Initialized MultithreadedTaskDispatcher with 24 workers.
 -> (artifact id: '5b8a8b5d4e39c194efaca6dbb5c9a850') in 0.045714 seconds
Number of updated asset objects reloaded before import = 0
Number of asset objects unloaded after import = 3
========================================================================
Received Import Request.
  Time since last request: 0.002234 seconds.
  path: Assets/background-assets/Abusive Prison Tileset Pack/img/characters/$Prisoner-M-5.png
  artifactKey: Guid(b9768597eedce354ab6645777a937152) Importer(815301076,1909f56bfc062723c751e8b465ee728b)
Start importing Assets/background-assets/Abusive Prison Tileset Pack/img/characters/$Prisoner-M-5.png using Guid(b9768597eedce354ab6645777a937152) Importer(815301076,1909f56bfc062723c751e8b465ee728b) [PhysX] Initialized MultithreadedTaskDispatcher with 24 workers.
[PhysX] Initialized MultithreadedTaskDispatcher with 24 workers.
 -> (artifact id: '99614dcaf642d738427e1ad23eb43735') in 0.024189 seconds
Number of updated asset objects reloaded before import = 0
Number of asset objects unloaded after import = 3
========================================================================
Received Import Request.
  Time since last request: 0.307915 seconds.
  path: Assets/background-assets/Abusive Prison Tileset Pack/img/characters/$Prisoner-M-9.png
  artifactKey: Guid(cb9c1cac36294fe4bbf2abb148954046) Importer(815301076,1909f56bfc062723c751e8b465ee728b)
Start importing Assets/background-assets/Abusive Prison Tileset Pack/img/characters/$Prisoner-M-9.png using Guid(cb9c1cac36294fe4bbf2abb148954046) Importer(815301076,1909f56bfc062723c751e8b465ee728b) [PhysX] Initialized MultithreadedTaskDispatcher with 24 workers.
[PhysX] Initialized MultithreadedTaskDispatcher with 24 workers.
 -> (artifact id: '94629016be8abb4b300a4a60ae94ecc2') in 0.028352 seconds
Number of updated asset objects reloaded before import = 0
Number of asset objects unloaded after import = 3
========================================================================
Received Import Request.
  Time since last request: 0.019269 seconds.
  path: Assets/background-assets/Abusive Prison Tileset Pack/img/characters/$Prisoner-M-13.png
  artifactKey: Guid(8f7eed4ca166e674692518f6fa85c4f7) Importer(815301076,1909f56bfc062723c751e8b465ee728b)
Start importing Assets/background-assets/Abusive Prison Tileset Pack/img/characters/$Prisoner-M-13.png using Guid(8f7eed4ca166e674692518f6fa85c4f7) Importer(815301076,1909f56bfc062723c751e8b465ee728b) [PhysX] Initialized MultithreadedTaskDispatcher with 24 workers.
[PhysX] Initialized MultithreadedTaskDispatcher with 24 workers.
 -> (artifact id: '47c9519bdba6d8dfeda5da508e01e142') in 0.029086 seconds
Number of updated asset objects reloaded before import = 0
Number of asset objects unloaded after import = 3
========================================================================
Received Import Request.
  Time since last request: 0.000114 seconds.
  path: Assets/background-assets/Abusive Prison Tileset Pack/img/characters/$Prisoner-M-18.png
  artifactKey: Guid(c2cc09876cd89da4ba5ece1debc8f0f3) Importer(815301076,1909f56bfc062723c751e8b465ee728b)
Start importing Assets/background-assets/Abusive Prison Tileset Pack/img/characters/$Prisoner-M-18.png using Guid(c2cc09876cd89da4ba5ece1debc8f0f3) Importer(815301076,1909f56bfc062723c751e8b465ee728b) [PhysX] Initialized MultithreadedTaskDispatcher with 24 workers.
[PhysX] Initialized MultithreadedTaskDispatcher with 24 workers.
 -> (artifact id: 'cfc7d2632b85ac0a5f7da3962d72dc1c') in 0.025815 seconds
Number of updated asset objects reloaded before import = 0
Number of asset objects unloaded after import = 3
========================================================================
Received Import Request.
  Time since last request: 0.304754 seconds.
  path: Assets/background-assets/Abusive Prison Tileset Pack/img/characters/$Prisoner-M-21.png
  artifactKey: Guid(21b95ddd068bb114cbc15a797e40f467) Importer(815301076,1909f56bfc062723c751e8b465ee728b)
Start importing Assets/background-assets/Abusive Prison Tileset Pack/img/characters/$Prisoner-M-21.png using Guid(21b95ddd068bb114cbc15a797e40f467) Importer(815301076,1909f56bfc062723c751e8b465ee728b) [PhysX] Initialized MultithreadedTaskDispatcher with 24 workers.
[PhysX] Initialized MultithreadedTaskDispatcher with 24 workers.
 -> (artifact id: 'b19fa3da4b53f517c10d9a22cff5473e') in 0.043626 seconds
Number of updated asset objects reloaded before import = 0
Number of asset objects unloaded after import = 3
========================================================================
Received Import Request.
  Time since last request: 0.000017 seconds.
  path: Assets/background-assets/Abusive Prison Tileset Pack/img/characters/$Prisoner-M-25.png
  artifactKey: Guid(acb70781690c7fb4e9b8ef0e03685178) Importer(815301076,1909f56bfc062723c751e8b465ee728b)
Start importing Assets/background-assets/Abusive Prison Tileset Pack/img/characters/$Prisoner-M-25.png using Guid(acb70781690c7fb4e9b8ef0e03685178) Importer(815301076,1909f56bfc062723c751e8b465ee728b) [PhysX] Initialized MultithreadedTaskDispatcher with 24 workers.
[PhysX] Initialized MultithreadedTaskDispatcher with 24 workers.
 -> (artifact id: '337045b1b9f578e773055006fc5227ce') in 0.024735 seconds
Number of updated asset objects reloaded before import = 0
Number of asset objects unloaded after import = 3
========================================================================
Received Import Request.
  Time since last request: 0.002530 seconds.
  path: Assets/background-assets/Abusive Prison Tileset Pack/img/characters/$Prisoner-M-29.png
  artifactKey: Guid(bd1bb0c044f2f2445951a176acdcfc91) Importer(815301076,1909f56bfc062723c751e8b465ee728b)
Start importing Assets/background-assets/Abusive Prison Tileset Pack/img/characters/$Prisoner-M-29.png using Guid(bd1bb0c044f2f2445951a176acdcfc91) Importer(815301076,1909f56bfc062723c751e8b465ee728b) [PhysX] Initialized MultithreadedTaskDispatcher with 24 workers.
[PhysX] Initialized MultithreadedTaskDispatcher with 24 workers.
 -> (artifact id: '2a448a19619df32e61a94d2639b12ec2') in 0.025830 seconds
Number of updated asset objects reloaded before import = 0
Number of asset objects unloaded after import = 3
========================================================================
Received Prepare
Caller must complete domain reload
Begin MonoManager ReloadAssembly
Symbol file LoadedFromMemory is not a mono symbol file
- Loaded All Assemblies, in  0.377 seconds
Native extension for WindowsStandalone target not found
Mono: successfully reloaded assembly
- Finished resetting the current domain, in  1.232 seconds
Domain Reload Profiling: 1605ms
	BeginReloadAssembly (115ms)
		ExecutionOrderSort (0ms)
		DisableScriptedObjects (6ms)
		BackupInstance (0ms)
		ReleaseScriptingObjects (0ms)
		CreateAndSetChildDomain (30ms)
	RebuildCommonClasses (20ms)
	RebuildNativeTypeToScriptingClass (7ms)
	initialDomainReloadingComplete (21ms)
	LoadAllAssembliesAndSetupDomain (209ms)
		LoadAssemblies (246ms)
		RebuildTransferFunctionScriptingTraits (0ms)
		AnalyzeDomain (15ms)
			TypeCache.Refresh (5ms)
				TypeCache.ScanAssembly (0ms)
			ScanForSourceGeneratedMonoScriptInfo (0ms)
			ResolveRequiredComponents (9ms)
	FinalizeReload (1232ms)
		ReleaseScriptCaches (0ms)
		RebuildScriptCaches (0ms)
		SetupLoadedEditorAssemblies (579ms)
			LogAssemblyErrors (0ms)
			InitializePlatformSupportModulesInManaged (6ms)
			SetLoadedEditorAssemblies (3ms)
			RefreshPlugins (0ms)
			BeforeProcessingInitializeOnLoad (86ms)
			ProcessInitializeOnLoadAttributes (321ms)
			ProcessInitializeOnLoadMethodAttributes (158ms)
			AfterProcessingInitializeOnLoad (4ms)
			EditorAssembliesLoaded (1ms)
		ExecutionOrderSort2 (0ms)
		AwakeInstancesAfterBackupRestoration (18ms)
Refreshing native plugins compatible for Editor in 11.23 ms, found 4 plugins.
Preloading 0 native plugins for Editor in 0.00 ms.
Unloading 7240 Unused Serialized files (Serialized files now loaded: 0)
Unloading 40 unused Assets / (0.9 MB). Loaded Objects now: 8022.
Memory consumption went from 241.1 MB to 240.2 MB.
Total: 5.151200 ms (FindLiveObjects: 0.336800 ms CreateObjectMapping: 0.162300 ms MarkObjects: 4.326500 ms  DeleteObjects: 0.324700 ms)

Prepare: number of updated asset objects reloaded= 0
AssetImportParameters requested are different than current active one (requested -> active):
  custom:container-demuxer-ogg: 62fdf1f143b41e24485cea50d1cbac27 -> 
  custom:framework-win-MediaFoundation: 216162199b28c13a410421893ffa2e32 -> 
  custom:container-muxer-webm: aa71ff27fc2769a1b78a27578f13a17b -> 
  custom:video-decoder-webm-vp8: 9c59270c3fd7afecdb556c50c9e8de78 -> 
  custom:SearchIndexIgnoredProperties: e643bd26f0fe6173181afceb89e7c659 -> 
  custom:AudioImporter_EditorPlatform: d09bf68614088b80899f8185d706f6e7 -> 
  custom:audio-decoder-ogg-vorbis: bf7c407c2cedff20999df2af8eb42d56 -> 
  custom:audio-encoder-webm-vorbis: bf7c407c2cedff20999df2af8eb42d56 -> 
  custom:scripting/precompiled-assembly-types:Assembly-CSharp: c0e99b9e22019ddd826b9a201b85750f -> 3498e5a4b474caacfbfa4f6df0c97178
  custom:video-codec-MediaFoundation-h265: 746d11721c4dcdbdad8f713fa42b33f4 -> 
  custom:video-decoder-ogg-theora: a1e56fd34408186e4bbccfd4996cb3dc -> 
  custom:CustomObjectIndexerAttribute: 72b91833f83ae208fae7752999fa3104 -> 
  custom:scripting/monoscript/fileName/ScrollScript.cs: abedec55a1563177c63056ccb2bdf5e2 -> 
  custom:container-demuxer-webm: 4f35f7cbe854078d1ac9338744f61a02 -> 
  custom:video-encoder-webm-vp8: eb34c28f22e8b96e1ab97ce403110664 -> 
========================================================================
Received Prepare
Caller must complete domain reload
Begin MonoManager ReloadAssembly
Symbol file LoadedFromMemory is not a mono symbol file
- Loaded All Assemblies, in  0.374 seconds
Native extension for WindowsStandalone target not found
Mono: successfully reloaded assembly
- Finished resetting the current domain, in  1.184 seconds
Domain Reload Profiling: 1555ms
	BeginReloadAssembly (106ms)
		ExecutionOrderSort (0ms)
		DisableScriptedObjects (8ms)
		BackupInstance (0ms)
		ReleaseScriptingObjects (0ms)
		CreateAndSetChildDomain (28ms)
	RebuildCommonClasses (21ms)
	RebuildNativeTypeToScriptingClass (7ms)
	initialDomainReloadingComplete (21ms)
	LoadAllAssembliesAndSetupDomain (215ms)
		LoadAssemblies (251ms)
		RebuildTransferFunctionScriptingTraits (0ms)
		AnalyzeDomain (17ms)
			TypeCache.Refresh (6ms)
				TypeCache.ScanAssembly (0ms)
			ScanForSourceGeneratedMonoScriptInfo (0ms)
			ResolveRequiredComponents (9ms)
	FinalizeReload (1185ms)
		ReleaseScriptCaches (0ms)
		RebuildScriptCaches (0ms)
		SetupLoadedEditorAssemblies (576ms)
			LogAssemblyErrors (0ms)
			InitializePlatformSupportModulesInManaged (6ms)
			SetLoadedEditorAssemblies (3ms)
			RefreshPlugins (0ms)
			BeforeProcessingInitializeOnLoad (92ms)
			ProcessInitializeOnLoadAttributes (317ms)
			ProcessInitializeOnLoadMethodAttributes (153ms)
			AfterProcessingInitializeOnLoad (5ms)
			EditorAssembliesLoaded (0ms)
		ExecutionOrderSort2 (0ms)
		AwakeInstancesAfterBackupRestoration (18ms)
Refreshing native plugins compatible for Editor in 12.02 ms, found 4 plugins.
Preloading 0 native plugins for Editor in 0.00 ms.
Unloading 7240 Unused Serialized files (Serialized files now loaded: 0)
Unloading 40 unused Assets / (0.9 MB). Loaded Objects now: 8039.
Memory consumption went from 241.1 MB to 240.2 MB.
Total: 5.494500 ms (FindLiveObjects: 0.444900 ms CreateObjectMapping: 0.137600 ms MarkObjects: 4.604400 ms  DeleteObjects: 0.306600 ms)

Prepare: number of updated asset objects reloaded= 0
AssetImportParameters requested are different than current active one (requested -> active):
  custom:container-demuxer-ogg: 62fdf1f143b41e24485cea50d1cbac27 -> 
  custom:framework-win-MediaFoundation: 216162199b28c13a410421893ffa2e32 -> 
  custom:container-muxer-webm: aa71ff27fc2769a1b78a27578f13a17b -> 
  custom:video-decoder-webm-vp8: 9c59270c3fd7afecdb556c50c9e8de78 -> 
  custom:SearchIndexIgnoredProperties: e643bd26f0fe6173181afceb89e7c659 -> 
  custom:AudioImporter_EditorPlatform: d09bf68614088b80899f8185d706f6e7 -> 
  custom:audio-decoder-ogg-vorbis: bf7c407c2cedff20999df2af8eb42d56 -> 
  custom:audio-encoder-webm-vorbis: bf7c407c2cedff20999df2af8eb42d56 -> 
  custom:scripting/precompiled-assembly-types:Assembly-CSharp: c0e99b9e22019ddd826b9a201b85750f -> 3498e5a4b474caacfbfa4f6df0c97178
  custom:video-codec-MediaFoundation-h265: 746d11721c4dcdbdad8f713fa42b33f4 -> 
  custom:video-decoder-ogg-theora: a1e56fd34408186e4bbccfd4996cb3dc -> 
  custom:CustomObjectIndexerAttribute: 72b91833f83ae208fae7752999fa3104 -> 
  custom:scripting/monoscript/fileName/ScrollScript.cs: abedec55a1563177c63056ccb2bdf5e2 -> 
  custom:container-demuxer-webm: 4f35f7cbe854078d1ac9338744f61a02 -> 
  custom:video-encoder-webm-vp8: eb34c28f22e8b96e1ab97ce403110664 -> 
========================================================================
Received Prepare
Caller must complete domain reload
Begin MonoManager ReloadAssembly
Symbol file LoadedFromMemory is not a mono symbol file
- Loaded All Assemblies, in  0.398 seconds
Native extension for WindowsStandalone target not found
Mono: successfully reloaded assembly
- Finished resetting the current domain, in  1.206 seconds
Domain Reload Profiling: 1601ms
	BeginReloadAssembly (132ms)
		ExecutionOrderSort (0ms)
		DisableScriptedObjects (7ms)
		BackupInstance (0ms)
		ReleaseScriptingObjects (0ms)
		CreateAndSetChildDomain (39ms)
	RebuildCommonClasses (21ms)
	RebuildNativeTypeToScriptingClass (7ms)
	initialDomainReloadingComplete (19ms)
	LoadAllAssembliesAndSetupDomain (215ms)
		LoadAssemblies (249ms)
		RebuildTransferFunctionScriptingTraits (0ms)
		AnalyzeDomain (18ms)
			TypeCache.Refresh (7ms)
				TypeCache.ScanAssembly (0ms)
			ScanForSourceGeneratedMonoScriptInfo (0ms)
			ResolveRequiredComponents (9ms)
	FinalizeReload (1207ms)
		ReleaseScriptCaches (0ms)
		RebuildScriptCaches (0ms)
		SetupLoadedEditorAssemblies (562ms)
			LogAssemblyErrors (0ms)
			InitializePlatformSupportModulesInManaged (6ms)
			SetLoadedEditorAssemblies (3ms)
			RefreshPlugins (0ms)
			BeforeProcessingInitializeOnLoad (84ms)
			ProcessInitializeOnLoadAttributes (310ms)
			ProcessInitializeOnLoadMethodAttributes (153ms)
			AfterProcessingInitializeOnLoad (5ms)
			EditorAssembliesLoaded (0ms)
		ExecutionOrderSort2 (0ms)
		AwakeInstancesAfterBackupRestoration (19ms)
Refreshing native plugins compatible for Editor in 14.05 ms, found 4 plugins.
Preloading 0 native plugins for Editor in 0.00 ms.
Unloading 7240 Unused Serialized files (Serialized files now loaded: 0)
Unloading 40 unused Assets / (0.9 MB). Loaded Objects now: 8056.
Memory consumption went from 241.1 MB to 240.2 MB.
Total: 6.388400 ms (FindLiveObjects: 0.861600 ms CreateObjectMapping: 0.181100 ms MarkObjects: 4.927600 ms  DeleteObjects: 0.415900 ms)

Prepare: number of updated asset objects reloaded= 0
AssetImportParameters requested are different than current active one (requested -> active):
  custom:container-demuxer-ogg: 62fdf1f143b41e24485cea50d1cbac27 -> 
  custom:framework-win-MediaFoundation: 216162199b28c13a410421893ffa2e32 -> 
  custom:container-muxer-webm: aa71ff27fc2769a1b78a27578f13a17b -> 
  custom:video-decoder-webm-vp8: 9c59270c3fd7afecdb556c50c9e8de78 -> 
  custom:SearchIndexIgnoredProperties: e643bd26f0fe6173181afceb89e7c659 -> 
  custom:AudioImporter_EditorPlatform: d09bf68614088b80899f8185d706f6e7 -> 
  custom:audio-decoder-ogg-vorbis: bf7c407c2cedff20999df2af8eb42d56 -> 
  custom:audio-encoder-webm-vorbis: bf7c407c2cedff20999df2af8eb42d56 -> 
  custom:scripting/precompiled-assembly-types:Assembly-CSharp: c0e99b9e22019ddd826b9a201b85750f -> 3498e5a4b474caacfbfa4f6df0c97178
  custom:video-codec-MediaFoundation-h265: 746d11721c4dcdbdad8f713fa42b33f4 -> 
  custom:video-decoder-ogg-theora: a1e56fd34408186e4bbccfd4996cb3dc -> 
  custom:CustomObjectIndexerAttribute: 72b91833f83ae208fae7752999fa3104 -> 
  custom:scripting/monoscript/fileName/ScrollScript.cs: abedec55a1563177c63056ccb2bdf5e2 -> 
  custom:container-demuxer-webm: 4f35f7cbe854078d1ac9338744f61a02 -> 
  custom:video-encoder-webm-vp8: eb34c28f22e8b96e1ab97ce403110664 -> 
========================================================================
Received Prepare
Caller must complete domain reload
Begin MonoManager ReloadAssembly
Symbol file LoadedFromMemory is not a mono symbol file
- Loaded All Assemblies, in  0.378 seconds
Native extension for WindowsStandalone target not found
Mono: successfully reloaded assembly
- Finished resetting the current domain, in  1.165 seconds
Domain Reload Profiling: 1540ms
	BeginReloadAssembly (114ms)
		ExecutionOrderSort (0ms)
		DisableScriptedObjects (7ms)
		BackupInstance (0ms)
		ReleaseScriptingObjects (0ms)
		CreateAndSetChildDomain (27ms)
	RebuildCommonClasses (20ms)
	RebuildNativeTypeToScriptingClass (8ms)
	initialDomainReloadingComplete (21ms)
	LoadAllAssembliesAndSetupDomain (211ms)
		LoadAssemblies (249ms)
		RebuildTransferFunctionScriptingTraits (0ms)
		AnalyzeDomain (15ms)
			TypeCache.Refresh (5ms)
				TypeCache.ScanAssembly (0ms)
			ScanForSourceGeneratedMonoScriptInfo (0ms)
			ResolveRequiredComponents (9ms)
	FinalizeReload (1166ms)
		ReleaseScriptCaches (0ms)
		RebuildScriptCaches (0ms)
		SetupLoadedEditorAssemblies (558ms)
			LogAssemblyErrors (0ms)
			InitializePlatformSupportModulesInManaged (6ms)
			SetLoadedEditorAssemblies (4ms)
			RefreshPlugins (0ms)
			BeforeProcessingInitializeOnLoad (90ms)
			ProcessInitializeOnLoadAttributes (310ms)
			ProcessInitializeOnLoadMethodAttributes (145ms)
			AfterProcessingInitializeOnLoad (4ms)
			EditorAssembliesLoaded (0ms)
		ExecutionOrderSort2 (0ms)
		AwakeInstancesAfterBackupRestoration (18ms)
Refreshing native plugins compatible for Editor in 17.70 ms, found 4 plugins.
Preloading 0 native plugins for Editor in 0.00 ms.
Unloading 7240 Unused Serialized files (Serialized files now loaded: 0)
Unloading 40 unused Assets / (0.9 MB). Loaded Objects now: 8073.
Memory consumption went from 241.1 MB to 240.2 MB.
Total: 5.482000 ms (FindLiveObjects: 0.355800 ms CreateObjectMapping: 0.149100 ms MarkObjects: 4.648600 ms  DeleteObjects: 0.327100 ms)

Prepare: number of updated asset objects reloaded= 0
AssetImportParameters requested are different than current active one (requested -> active):
  custom:container-demuxer-ogg: 62fdf1f143b41e24485cea50d1cbac27 -> 
  custom:framework-win-MediaFoundation: 216162199b28c13a410421893ffa2e32 -> 
  custom:container-muxer-webm: aa71ff27fc2769a1b78a27578f13a17b -> 
  custom:video-decoder-webm-vp8: 9c59270c3fd7afecdb556c50c9e8de78 -> 
  custom:SearchIndexIgnoredProperties: e643bd26f0fe6173181afceb89e7c659 -> 
  custom:AudioImporter_EditorPlatform: d09bf68614088b80899f8185d706f6e7 -> 
  custom:audio-decoder-ogg-vorbis: bf7c407c2cedff20999df2af8eb42d56 -> 
  custom:audio-encoder-webm-vorbis: bf7c407c2cedff20999df2af8eb42d56 -> 
  custom:scripting/precompiled-assembly-types:Assembly-CSharp: c0e99b9e22019ddd826b9a201b85750f -> 3498e5a4b474caacfbfa4f6df0c97178
  custom:video-codec-MediaFoundation-h265: 746d11721c4dcdbdad8f713fa42b33f4 -> 
  custom:video-decoder-ogg-theora: a1e56fd34408186e4bbccfd4996cb3dc -> 
  custom:CustomObjectIndexerAttribute: 72b91833f83ae208fae7752999fa3104 -> 
  custom:scripting/monoscript/fileName/ScrollScript.cs: abedec55a1563177c63056ccb2bdf5e2 -> 
  custom:container-demuxer-webm: 4f35f7cbe854078d1ac9338744f61a02 -> 
  custom:video-encoder-webm-vp8: eb34c28f22e8b96e1ab97ce403110664 -> 
========================================================================
Received Import Request.
  Time since last request: 91.483341 seconds.
  path: Assets/Scripts/PlayerInput.inputactions
  artifactKey: Guid(3c07ff2767834db40adbd3a8e49e3b4b) Importer(815301076,1909f56bfc062723c751e8b465ee728b)
Start importing Assets/Scripts/PlayerInput.inputactions using Guid(3c07ff2767834db40adbd3a8e49e3b4b) Importer(815301076,1909f56bfc062723c751e8b465ee728b) [PhysX] Initialized MultithreadedTaskDispatcher with 24 workers.
 -> (artifact id: 'e1ce00c1a58096e52aceae4338606e64') in 0.002069 seconds
Number of updated asset objects reloaded before import = 0
Number of asset objects unloaded after import = 0
========================================================================
Received Prepare
Caller must complete domain reload
Begin MonoManager ReloadAssembly
Symbol file LoadedFromMemory is not a mono symbol file
- Loaded All Assemblies, in  0.370 seconds
Native extension for WindowsStandalone target not found
Mono: successfully reloaded assembly
- Finished resetting the current domain, in  1.129 seconds
Domain Reload Profiling: 1496ms
	BeginReloadAssembly (114ms)
		ExecutionOrderSort (0ms)
		DisableScriptedObjects (7ms)
		BackupInstance (0ms)
		ReleaseScriptingObjects (0ms)
		CreateAndSetChildDomain (29ms)
	RebuildCommonClasses (20ms)
	RebuildNativeTypeToScriptingClass (7ms)
	initialDomainReloadingComplete (20ms)
	LoadAllAssembliesAndSetupDomain (205ms)
		LoadAssemblies (239ms)
		RebuildTransferFunctionScriptingTraits (0ms)
		AnalyzeDomain (17ms)
			TypeCache.Refresh (6ms)
				TypeCache.ScanAssembly (0ms)
			ScanForSourceGeneratedMonoScriptInfo (0ms)
			ResolveRequiredComponents (9ms)
	FinalizeReload (1129ms)
		ReleaseScriptCaches (0ms)
		RebuildScriptCaches (0ms)
		SetupLoadedEditorAssemblies (538ms)
			LogAssemblyErrors (0ms)
			InitializePlatformSupportModulesInManaged (5ms)
			SetLoadedEditorAssemblies (3ms)
			RefreshPlugins (0ms)
			BeforeProcessingInitializeOnLoad (87ms)
			ProcessInitializeOnLoadAttributes (298ms)
			ProcessInitializeOnLoadMethodAttributes (141ms)
			AfterProcessingInitializeOnLoad (5ms)
			EditorAssembliesLoaded (0ms)
		ExecutionOrderSort2 (0ms)
		AwakeInstancesAfterBackupRestoration (18ms)
Refreshing native plugins compatible for Editor in 12.32 ms, found 4 plugins.
Preloading 0 native plugins for Editor in 0.00 ms.
Unloading 7240 Unused Serialized files (Serialized files now loaded: 0)
Unloading 40 unused Assets / (0.9 MB). Loaded Objects now: 8090.
Memory consumption went from 241.2 MB to 240.2 MB.
Total: 6.012000 ms (FindLiveObjects: 0.381400 ms CreateObjectMapping: 0.148300 ms MarkObjects: 5.154900 ms  DeleteObjects: 0.325600 ms)

Prepare: number of updated asset objects reloaded= 0
AssetImportParameters requested are different than current active one (requested -> active):
  custom:container-demuxer-ogg: 62fdf1f143b41e24485cea50d1cbac27 -> 
  custom:framework-win-MediaFoundation: 216162199b28c13a410421893ffa2e32 -> 
  custom:container-muxer-webm: aa71ff27fc2769a1b78a27578f13a17b -> 
  custom:video-decoder-webm-vp8: 9c59270c3fd7afecdb556c50c9e8de78 -> 
  custom:SearchIndexIgnoredProperties: e643bd26f0fe6173181afceb89e7c659 -> 
  custom:AudioImporter_EditorPlatform: d09bf68614088b80899f8185d706f6e7 -> 
  custom:audio-decoder-ogg-vorbis: bf7c407c2cedff20999df2af8eb42d56 -> 
  custom:audio-encoder-webm-vorbis: bf7c407c2cedff20999df2af8eb42d56 -> 
  custom:scripting/precompiled-assembly-types:Assembly-CSharp: c0e99b9e22019ddd826b9a201b85750f -> 3498e5a4b474caacfbfa4f6df0c97178
  custom:video-codec-MediaFoundation-h265: 746d11721c4dcdbdad8f713fa42b33f4 -> 
  custom:video-decoder-ogg-theora: a1e56fd34408186e4bbccfd4996cb3dc -> 
  custom:CustomObjectIndexerAttribute: 72b91833f83ae208fae7752999fa3104 -> 
  custom:scripting/monoscript/fileName/ScrollScript.cs: abedec55a1563177c63056ccb2bdf5e2 -> 
  custom:container-demuxer-webm: 4f35f7cbe854078d1ac9338744f61a02 -> 
  custom:video-encoder-webm-vp8: eb34c28f22e8b96e1ab97ce403110664 -> 
========================================================================
Received Import Request.
  Time since last request: 195.394102 seconds.
  path: Assets/Scripts/PlayerInput.inputactions
  artifactKey: Guid(3c07ff2767834db40adbd3a8e49e3b4b) Importer(815301076,1909f56bfc062723c751e8b465ee728b)
Start importing Assets/Scripts/PlayerInput.inputactions using Guid(3c07ff2767834db40adbd3a8e49e3b4b) Importer(815301076,1909f56bfc062723c751e8b465ee728b) [PhysX] Initialized MultithreadedTaskDispatcher with 24 workers.
 -> (artifact id: 'e1ce00c1a58096e52aceae4338606e64') in 0.002570 seconds
Number of updated asset objects reloaded before import = 0
Number of asset objects unloaded after import = 0
========================================================================
Received Prepare
Caller must complete domain reload
Begin MonoManager ReloadAssembly
Symbol file LoadedFromMemory is not a mono symbol file
- Loaded All Assemblies, in  0.440 seconds
Native extension for WindowsStandalone target not found
Mono: successfully reloaded assembly
- Finished resetting the current domain, in  1.127 seconds
Domain Reload Profiling: 1563ms
	BeginReloadAssembly (127ms)
		ExecutionOrderSort (0ms)
		DisableScriptedObjects (8ms)
		BackupInstance (0ms)
		ReleaseScriptingObjects (0ms)
		CreateAndSetChildDomain (33ms)
	RebuildCommonClasses (25ms)
	RebuildNativeTypeToScriptingClass (8ms)
	initialDomainReloadingComplete (28ms)
	LoadAllAssembliesAndSetupDomain (247ms)
		LoadAssemblies (267ms)
		RebuildTransferFunctionScriptingTraits (0ms)
		AnalyzeDomain (38ms)
			TypeCache.Refresh (9ms)
				TypeCache.ScanAssembly (0ms)
			ScanForSourceGeneratedMonoScriptInfo (20ms)
			ResolveRequiredComponents (8ms)
	FinalizeReload (1128ms)
		ReleaseScriptCaches (0ms)
		RebuildScriptCaches (0ms)
		SetupLoadedEditorAssemblies (539ms)
			LogAssemblyErrors (0ms)
			InitializePlatformSupportModulesInManaged (5ms)
			SetLoadedEditorAssemblies (4ms)
			RefreshPlugins (0ms)
			BeforeProcessingInitializeOnLoad (87ms)
			ProcessInitializeOnLoadAttributes (297ms)
			ProcessInitializeOnLoadMethodAttributes (141ms)
			AfterProcessingInitializeOnLoad (4ms)
			EditorAssembliesLoaded (0ms)
		ExecutionOrderSort2 (0ms)
		AwakeInstancesAfterBackupRestoration (16ms)
Refreshing native plugins compatible for Editor in 13.05 ms, found 4 plugins.
Preloading 0 native plugins for Editor in 0.00 ms.
Unloading 7240 Unused Serialized files (Serialized files now loaded: 0)
Unloading 40 unused Assets / (0.9 MB). Loaded Objects now: 8107.
Memory consumption went from 241.2 MB to 240.2 MB.
Total: 6.999000 ms (FindLiveObjects: 0.445300 ms CreateObjectMapping: 0.247100 ms MarkObjects: 5.965000 ms  DeleteObjects: 0.340400 ms)

Prepare: number of updated asset objects reloaded= 0
AssetImportParameters requested are different than current active one (requested -> active):
  custom:container-demuxer-ogg: 62fdf1f143b41e24485cea50d1cbac27 -> 
  custom:framework-win-MediaFoundation: 216162199b28c13a410421893ffa2e32 -> 
  custom:container-muxer-webm: aa71ff27fc2769a1b78a27578f13a17b -> 
  custom:video-decoder-webm-vp8: 9c59270c3fd7afecdb556c50c9e8de78 -> 
  custom:SearchIndexIgnoredProperties: e643bd26f0fe6173181afceb89e7c659 -> 
  custom:AudioImporter_EditorPlatform: d09bf68614088b80899f8185d706f6e7 -> 
  custom:audio-decoder-ogg-vorbis: bf7c407c2cedff20999df2af8eb42d56 -> 
  custom:audio-encoder-webm-vorbis: bf7c407c2cedff20999df2af8eb42d56 -> 
  custom:scripting/precompiled-assembly-types:Assembly-CSharp: 6815db78168832d486dd02e94009b1b2 -> 3498e5a4b474caacfbfa4f6df0c97178
  custom:video-codec-MediaFoundation-h265: 746d11721c4dcdbdad8f713fa42b33f4 -> 
  custom:video-decoder-ogg-theora: a1e56fd34408186e4bbccfd4996cb3dc -> 
  custom:CustomObjectIndexerAttribute: 72b91833f83ae208fae7752999fa3104 -> 
  custom:scripting/monoscript/fileName/ScrollScript.cs: e44cdd801d93fe17b431d0e74c00d910 -> 
  custom:container-demuxer-webm: 4f35f7cbe854078d1ac9338744f61a02 -> 
  custom:video-encoder-webm-vp8: eb34c28f22e8b96e1ab97ce403110664 -> 
========================================================================
Received Prepare
Caller must complete domain reload
Begin MonoManager ReloadAssembly
Symbol file LoadedFromMemory is not a mono symbol file
- Loaded All Assemblies, in  0.393 seconds
Native extension for WindowsStandalone target not found
Mono: successfully reloaded assembly
- Finished resetting the current domain, in  1.300 seconds
Domain Reload Profiling: 1690ms
	BeginReloadAssembly (116ms)
		ExecutionOrderSort (0ms)
		DisableScriptedObjects (7ms)
		BackupInstance (0ms)
		ReleaseScriptingObjects (0ms)
		CreateAndSetChildDomain (28ms)
	RebuildCommonClasses (21ms)
	RebuildNativeTypeToScriptingClass (9ms)
	initialDomainReloadingComplete (21ms)
	LoadAllAssembliesAndSetupDomain (223ms)
		LoadAssemblies (259ms)
		RebuildTransferFunctionScriptingTraits (0ms)
		AnalyzeDomain (18ms)
			TypeCache.Refresh (7ms)
				TypeCache.ScanAssembly (0ms)
			ScanForSourceGeneratedMonoScriptInfo (0ms)
			ResolveRequiredComponents (9ms)
	FinalizeReload (1300ms)
		ReleaseScriptCaches (0ms)
		RebuildScriptCaches (0ms)
		SetupLoadedEditorAssemblies (590ms)
			LogAssemblyErrors (0ms)
			InitializePlatformSupportModulesInManaged (5ms)
			SetLoadedEditorAssemblies (4ms)
			RefreshPlugins (0ms)
			BeforeProcessingInitializeOnLoad (107ms)
			ProcessInitializeOnLoadAttributes (317ms)
			ProcessInitializeOnLoadMethodAttributes (152ms)
			AfterProcessingInitializeOnLoad (5ms)
			EditorAssembliesLoaded (0ms)
		ExecutionOrderSort2 (0ms)
		AwakeInstancesAfterBackupRestoration (19ms)
Refreshing native plugins compatible for Editor in 15.40 ms, found 4 plugins.
Preloading 0 native plugins for Editor in 0.00 ms.
Unloading 7240 Unused Serialized files (Serialized files now loaded: 0)
Unloading 40 unused Assets / (0.9 MB). Loaded Objects now: 8124.
Memory consumption went from 241.2 MB to 240.2 MB.
Total: 5.650100 ms (FindLiveObjects: 0.380500 ms CreateObjectMapping: 0.152400 ms MarkObjects: 4.768600 ms  DeleteObjects: 0.347100 ms)

Prepare: number of updated asset objects reloaded= 0
AssetImportParameters requested are different than current active one (requested -> active):
  custom:container-demuxer-ogg: 62fdf1f143b41e24485cea50d1cbac27 -> 
  custom:framework-win-MediaFoundation: 216162199b28c13a410421893ffa2e32 -> 
  custom:container-muxer-webm: aa71ff27fc2769a1b78a27578f13a17b -> 
  custom:video-decoder-webm-vp8: 9c59270c3fd7afecdb556c50c9e8de78 -> 
  custom:SearchIndexIgnoredProperties: e643bd26f0fe6173181afceb89e7c659 -> 
  custom:AudioImporter_EditorPlatform: d09bf68614088b80899f8185d706f6e7 -> 
  custom:audio-decoder-ogg-vorbis: bf7c407c2cedff20999df2af8eb42d56 -> 
  custom:audio-encoder-webm-vorbis: bf7c407c2cedff20999df2af8eb42d56 -> 
  custom:scripting/precompiled-assembly-types:Assembly-CSharp: 6815db78168832d486dd02e94009b1b2 -> 3498e5a4b474caacfbfa4f6df0c97178
  custom:video-codec-MediaFoundation-h265: 746d11721c4dcdbdad8f713fa42b33f4 -> 
  custom:video-decoder-ogg-theora: a1e56fd34408186e4bbccfd4996cb3dc -> 
  custom:CustomObjectIndexerAttribute: 72b91833f83ae208fae7752999fa3104 -> 
  custom:scripting/monoscript/fileName/ScrollScript.cs: e44cdd801d93fe17b431d0e74c00d910 -> 
  custom:container-demuxer-webm: 4f35f7cbe854078d1ac9338744f61a02 -> 
  custom:video-encoder-webm-vp8: eb34c28f22e8b96e1ab97ce403110664 -> 
========================================================================
Received Import Request.
  Time since last request: 128.969408 seconds.
  path: Assets/Scripts/PlayerInput.inputactions
  artifactKey: Guid(3c07ff2767834db40adbd3a8e49e3b4b) Importer(815301076,1909f56bfc062723c751e8b465ee728b)
Start importing Assets/Scripts/PlayerInput.inputactions using Guid(3c07ff2767834db40adbd3a8e49e3b4b) Importer(815301076,1909f56bfc062723c751e8b465ee728b) [PhysX] Initialized MultithreadedTaskDispatcher with 24 workers.
 -> (artifact id: 'e1ce00c1a58096e52aceae4338606e64') in 0.002008 seconds
Number of updated asset objects reloaded before import = 0
Number of asset objects unloaded after import = 0
========================================================================
Received Prepare
Caller must complete domain reload
Begin MonoManager ReloadAssembly
Symbol file LoadedFromMemory is not a mono symbol file
- Loaded All Assemblies, in  0.480 seconds
Native extension for WindowsStandalone target not found
Mono: successfully reloaded assembly
- Finished resetting the current domain, in  1.424 seconds
Domain Reload Profiling: 1898ms
	BeginReloadAssembly (133ms)
		ExecutionOrderSort (0ms)
		DisableScriptedObjects (7ms)
		BackupInstance (0ms)
		ReleaseScriptingObjects (0ms)
		CreateAndSetChildDomain (33ms)
	RebuildCommonClasses (24ms)
	RebuildNativeTypeToScriptingClass (8ms)
	initialDomainReloadingComplete (29ms)
	LoadAllAssembliesAndSetupDomain (281ms)
		LoadAssemblies (301ms)
		RebuildTransferFunctionScriptingTraits (0ms)
		AnalyzeDomain (43ms)
			TypeCache.Refresh (10ms)
				TypeCache.ScanAssembly (0ms)
			ScanForSourceGeneratedMonoScriptInfo (20ms)
			ResolveRequiredComponents (12ms)
	FinalizeReload (1424ms)
		ReleaseScriptCaches (0ms)
		RebuildScriptCaches (0ms)
		SetupLoadedEditorAssemblies (619ms)
			LogAssemblyErrors (0ms)
			InitializePlatformSupportModulesInManaged (6ms)
			SetLoadedEditorAssemblies (3ms)
			RefreshPlugins (0ms)
			BeforeProcessingInitializeOnLoad (96ms)
			ProcessInitializeOnLoadAttributes (332ms)
			ProcessInitializeOnLoadMethodAttributes (177ms)
			AfterProcessingInitializeOnLoad (4ms)
			EditorAssembliesLoaded (0ms)
		ExecutionOrderSort2 (0ms)
		AwakeInstancesAfterBackupRestoration (22ms)
Refreshing native plugins compatible for Editor in 16.96 ms, found 4 plugins.
Preloading 0 native plugins for Editor in 0.00 ms.
Unloading 7240 Unused Serialized files (Serialized files now loaded: 0)
Unloading 40 unused Assets / (0.9 MB). Loaded Objects now: 8141.
Memory consumption went from 241.2 MB to 240.2 MB.
Total: 5.496600 ms (FindLiveObjects: 0.356200 ms CreateObjectMapping: 0.157800 ms MarkObjects: 4.534400 ms  DeleteObjects: 0.447000 ms)

Prepare: number of updated asset objects reloaded= 0
AssetImportParameters requested are different than current active one (requested -> active):
  custom:container-demuxer-ogg: 62fdf1f143b41e24485cea50d1cbac27 -> 
  custom:framework-win-MediaFoundation: 216162199b28c13a410421893ffa2e32 -> 
  custom:container-muxer-webm: aa71ff27fc2769a1b78a27578f13a17b -> 
  custom:video-decoder-webm-vp8: 9c59270c3fd7afecdb556c50c9e8de78 -> 
  custom:SearchIndexIgnoredProperties: e643bd26f0fe6173181afceb89e7c659 -> 
  custom:AudioImporter_EditorPlatform: d09bf68614088b80899f8185d706f6e7 -> 
  custom:audio-decoder-ogg-vorbis: bf7c407c2cedff20999df2af8eb42d56 -> 
  custom:audio-encoder-webm-vorbis: bf7c407c2cedff20999df2af8eb42d56 -> 
  custom:scripting/precompiled-assembly-types:Assembly-CSharp: 55d26fec67a24ec1db135b16446a70e2 -> 3498e5a4b474caacfbfa4f6df0c97178
  custom:video-codec-MediaFoundation-h265: 746d11721c4dcdbdad8f713fa42b33f4 -> 
  custom:video-decoder-ogg-theora: a1e56fd34408186e4bbccfd4996cb3dc -> 
  custom:CustomObjectIndexerAttribute: 72b91833f83ae208fae7752999fa3104 -> 
  custom:scripting/monoscript/fileName/ScrollScript.cs: 1bbcbefb3f9c02f36a5823dcd26cde83 -> 
  custom:container-demuxer-webm: 4f35f7cbe854078d1ac9338744f61a02 -> 
  custom:video-encoder-webm-vp8: eb34c28f22e8b96e1ab97ce403110664 -> 
========================================================================
Received Import Request.
  Time since last request: 25.189420 seconds.
  path: Assets/Palettes/IntoLvl.prefab
  artifactKey: Guid(7a695c50dfb19814ab3ccb3223d50cc7) Importer(815301076,1909f56bfc062723c751e8b465ee728b)
Start importing Assets/Palettes/IntoLvl.prefab using Guid(7a695c50dfb19814ab3ccb3223d50cc7) Importer(815301076,1909f56bfc062723c751e8b465ee728b) [PhysX] Initialized MultithreadedTaskDispatcher with 24 workers.
[PhysX] Initialized MultithreadedTaskDispatcher with 24 workers.
 -> (artifact id: '8a6b502d0ab8aa246742d4cab3e85423') in 1.063839 seconds
Number of updated asset objects reloaded before import = 0
Number of asset objects unloaded after import = 5231
========================================================================
Received Import Request.
  Time since last request: 0.000029 seconds.
  path: Assets/Images/greenorb.png
  artifactKey: Guid(559bdbeb54a511f4198f8bba9de77267) Importer(815301076,1909f56bfc062723c751e8b465ee728b)
Start importing Assets/Images/greenorb.png using Guid(559bdbeb54a511f4198f8bba9de77267) Importer(815301076,1909f56bfc062723c751e8b465ee728b) [PhysX] Initialized MultithreadedTaskDispatcher with 24 workers.
[PhysX] Initialized MultithreadedTaskDispatcher with 24 workers.
 -> (artifact id: 'ff40a6494e28c41ce262cca95a0d9cba') in 0.048056 seconds
Number of updated asset objects reloaded before import = 0
Number of asset objects unloaded after import = 3
========================================================================
Received Import Request.
  Time since last request: 0.000027 seconds.
  path: Assets/Images/blueorb.png
  artifactKey: Guid(c3b690d1ed2f65247bb69a29df2846b5) Importer(815301076,1909f56bfc062723c751e8b465ee728b)
Start importing Assets/Images/blueorb.png using Guid(c3b690d1ed2f65247bb69a29df2846b5) Importer(815301076,1909f56bfc062723c751e8b465ee728b) [PhysX] Initialized MultithreadedTaskDispatcher with 24 workers.
[PhysX] Initialized MultithreadedTaskDispatcher with 24 workers.
 -> (artifact id: '676aa32a8ac05a838504a590f50018b4') in 0.027995 seconds
Number of updated asset objects reloaded before import = 0
Number of asset objects unloaded after import = 3
========================================================================
Received Import Request.
  Time since last request: 0.000019 seconds.
  path: Assets/Images/redorb.png
  artifactKey: Guid(f1f6fda4f5b6300419ec7871245092fd) Importer(815301076,1909f56bfc062723c751e8b465ee728b)
Start importing Assets/Images/redorb.png using Guid(f1f6fda4f5b6300419ec7871245092fd) Importer(815301076,1909f56bfc062723c751e8b465ee728b) [PhysX] Initialized MultithreadedTaskDispatcher with 24 workers.
[PhysX] Initialized MultithreadedTaskDispatcher with 24 workers.
 -> (artifact id: '293d11acaa56dc8477d3a0f3f581f2ba') in 0.031901 seconds
Number of updated asset objects reloaded before import = 0
Number of asset objects unloaded after import = 3
========================================================================
Received Prepare
Caller must complete domain reload
Begin MonoManager ReloadAssembly
Symbol file LoadedFromMemory is not a mono symbol file
- Loaded All Assemblies, in  0.388 seconds
Native extension for WindowsStandalone target not found
Mono: successfully reloaded assembly
- Finished resetting the current domain, in  1.207 seconds
Domain Reload Profiling: 1592ms
	BeginReloadAssembly (124ms)
		ExecutionOrderSort (0ms)
		DisableScriptedObjects (12ms)
		BackupInstance (0ms)
		ReleaseScriptingObjects (0ms)
		CreateAndSetChildDomain (32ms)
	RebuildCommonClasses (20ms)
	RebuildNativeTypeToScriptingClass (8ms)
	initialDomainReloadingComplete (20ms)
	LoadAllAssembliesAndSetupDomain (213ms)
		LoadAssemblies (245ms)
		RebuildTransferFunctionScriptingTraits (0ms)
		AnalyzeDomain (18ms)
			TypeCache.Refresh (7ms)
				TypeCache.ScanAssembly (0ms)
			ScanForSourceGeneratedMonoScriptInfo (0ms)
			ResolveRequiredComponents (9ms)
	FinalizeReload (1207ms)
		ReleaseScriptCaches (0ms)
		RebuildScriptCaches (0ms)
		SetupLoadedEditorAssemblies (579ms)
			LogAssemblyErrors (0ms)
			InitializePlatformSupportModulesInManaged (5ms)
			SetLoadedEditorAssemblies (5ms)
			RefreshPlugins (0ms)
			BeforeProcessingInitializeOnLoad (87ms)
			ProcessInitializeOnLoadAttributes (321ms)
			ProcessInitializeOnLoadMethodAttributes (155ms)
			AfterProcessingInitializeOnLoad (5ms)
			EditorAssembliesLoaded (0ms)
		ExecutionOrderSort2 (0ms)
		AwakeInstancesAfterBackupRestoration (18ms)
Refreshing native plugins compatible for Editor in 13.96 ms, found 4 plugins.
Preloading 0 native plugins for Editor in 0.00 ms.
Unloading 7240 Unused Serialized files (Serialized files now loaded: 0)
Unloading 40 unused Assets / (0.9 MB). Loaded Objects now: 9090.
Memory consumption went from 245.8 MB to 244.9 MB.
Total: 5.702200 ms (FindLiveObjects: 0.436300 ms CreateObjectMapping: 0.173700 ms MarkObjects: 4.745100 ms  DeleteObjects: 0.346100 ms)

Prepare: number of updated asset objects reloaded= 0
AssetImportParameters requested are different than current active one (requested -> active):
  custom:container-demuxer-ogg: 62fdf1f143b41e24485cea50d1cbac27 -> 
  custom:framework-win-MediaFoundation: 216162199b28c13a410421893ffa2e32 -> 
  custom:container-muxer-webm: aa71ff27fc2769a1b78a27578f13a17b -> 
  custom:video-decoder-webm-vp8: 9c59270c3fd7afecdb556c50c9e8de78 -> 
  custom:SearchIndexIgnoredProperties: e643bd26f0fe6173181afceb89e7c659 -> 
  custom:AudioImporter_EditorPlatform: d09bf68614088b80899f8185d706f6e7 -> 
  custom:audio-decoder-ogg-vorbis: bf7c407c2cedff20999df2af8eb42d56 -> 
  custom:audio-encoder-webm-vorbis: bf7c407c2cedff20999df2af8eb42d56 -> 
  custom:scripting/precompiled-assembly-types:Assembly-CSharp: 55d26fec67a24ec1db135b16446a70e2 -> 3498e5a4b474caacfbfa4f6df0c97178
  custom:video-codec-MediaFoundation-h265: 746d11721c4dcdbdad8f713fa42b33f4 -> 
  custom:video-decoder-ogg-theora: a1e56fd34408186e4bbccfd4996cb3dc -> 
  custom:CustomObjectIndexerAttribute: 72b91833f83ae208fae7752999fa3104 -> 
  custom:scripting/monoscript/fileName/ScrollScript.cs: 1bbcbefb3f9c02f36a5823dcd26cde83 -> 
  custom:container-demuxer-webm: 4f35f7cbe854078d1ac9338744f61a02 -> 
  custom:video-encoder-webm-vp8: eb34c28f22e8b96e1ab97ce403110664 -> 
Editor requested this worker to shutdown with reason: Scaling down because of idle timeout
TcpMessagingSession - receive error: operation aborted. errorcode: 995, details: The I/O operation has been aborted because of either a thread exit or an application request.
AssetImportWorker is now disconnected from the server
Process exiting
Exiting without the bug reporter. Application will terminate with return code 0